"","district_2020","ps_2020","gp_2020","anganwadi_other_rural_infrastructure_in_lakhs_completed_2022","anganwadi_other_rural_infrastructure_in_lakhs_ongoing_suspended_2022","anganwadi_other_rural_infrastructure_in_lakhs_approved_not_in_progress_2022","coastal_areas_in_lakhs_completed_2022","coastal_areas_in_lakhs_ongoing_suspended_2022","coastal_areas_in_lakhs_approved_not_in_progress_2022","fisheries_in_lakhs_completed_2022","fisheries_in_lakhs_ongoing_suspended_2022","fisheries_in_lakhs_approved_not_in_progress_2022","food_grain_in_lakhs_completed_2022","food_grain_in_lakhs_ongoing_suspended_2022","food_grain_in_lakhs_approved_not_in_progress_2022","play_ground_in_lakhs_completed_2022","play_ground_in_lakhs_ongoing_suspended_2022","play_ground_in_lakhs_approved_not_in_progress_2022","rural_drinking_water_in_lakhs_completed_2022","rural_drinking_water_in_lakhs_ongoing_suspended_2022","rural_drinking_water_in_lakhs_approved_not_in_progress_2022","rural_sanitation_in_lakhs_completed_2022","rural_sanitation_in_lakhs_ongoing_suspended_2022","rural_sanitation_in_lakhs_approved_not_in_progress_2022","other_works_in_lakhs_completed_2022","other_works_in_lakhs_ongoing_suspended_2022","other_works_in_lakhs_approved_not_in_progress_2022","provision_of_irrigation_facility_to_land_owned_by_sc_st_lr_or_iay_beneficiaries_small_or_marginal_farmers_in_lakhs_completed_2022","provision_of_irrigation_facility_to_land_owned_by_sc_st_lr_or_iay_beneficiaries_small_or_marginal_farmers_in_lakhs_ongoing_suspended_2022","provision_of_irrigation_facility_to_land_owned_by_sc_st_lr_or_iay_beneficiaries_small_or_marginal_farmers_in_lakhs_approved_not_in_progress_2022","rural_connectivity_in_lakhs_completed_2022","rural_connectivity_in_lakhs_ongoing_suspended_2022","rural_connectivity_in_lakhs_approved_not_in_progress_2022","water_conservation_and_water_harvesting_in_lakhs_completed_2022","water_conservation_and_water_harvesting_in_lakhs_ongoing_suspended_2022","water_conservation_and_water_harvesting_in_lakhs_approved_not_in_progress_2022","renovation_of_traditional_water_bodies_in_lakhs_completed_2022","renovation_of_traditional_water_bodies_in_lakhs_ongoing_suspended_2022","renovation_of_traditional_water_bodies_in_lakhs_approved_not_in_progress_2022","flood_control_and_protection_in_lakhs_completed_2022","flood_control_and_protection_in_lakhs_ongoing_suspended_2022","flood_control_and_protection_in_lakhs_approved_not_in_progress_2022","land_development_in_lakhs_completed_2022","land_development_in_lakhs_ongoing_suspended_2022","land_development_in_lakhs_approved_not_in_progress_2022","bharat_nirman_sewa_kendra_in_lakhs_completed_2022","bharat_nirman_sewa_kendra_in_lakhs_ongoing_suspended_2022","bharat_nirman_sewa_kendra_in_lakhs_approved_not_in_progress_2022","micro_irrigation_works_in_lakhs_completed_2022","micro_irrigation_works_in_lakhs_ongoing_suspended_2022","micro_irrigation_works_in_lakhs_approved_not_in_progress_2022","drought_proofing_in_lakhs_completed_2022","drought_proofing_in_lakhs_ongoing_suspended_2022","drought_proofing_in_lakhs_approved_not_in_progress_2022","total_in_lakhs_completed_2022","total_in_lakhs_ongoing_suspended_2022","total_in_lakhs_approved_not_in_progress_2022","works_on_individuals_land_category_iv_in_lakhs_completed_2022","works_on_individuals_land_category_iv_in_lakhs_ongoing_suspended_2022","works_on_individuals_land_category_iv_in_lakhs_approved_not_in_progress_2022","anganwadi_other_rural_infrastructure_in_lakhs_nan_2022","anganwadi_other_rural_infrastructure_in_lakhs_nan_1_2022","bharat_nirman_sewa_kendra_in_lakhs_nan_2022","bharat_nirman_sewa_kendra_in_lakhs_nan_1_2022","coastal_areas_in_lakhs_nan_2022","coastal_areas_in_lakhs_nan_1_2022","drought_proofing_in_lakhs_nan_2022","drought_proofing_in_lakhs_nan_1_2022","fisheries_in_lakhs_nan_2022","fisheries_in_lakhs_nan_1_2022","flood_control_and_protection_in_lakhs_nan_2022","flood_control_and_protection_in_lakhs_nan_1_2022","food_grain_in_lakhs_nan_2022","food_grain_in_lakhs_nan_1_2022","land_development_in_lakhs_nan_2022","land_development_in_lakhs_nan_1_2022","micro_irrigation_works_in_lakhs_nan_2022","micro_irrigation_works_in_lakhs_nan_1_2022","other_works_in_lakhs_nan_2022","other_works_in_lakhs_nan_1_2022","play_ground_in_lakhs_nan_2022","play_ground_in_lakhs_nan_1_2022","renovation_of_traditional_water_bodies_in_lakhs_nan_2022","renovation_of_traditional_water_bodies_in_lakhs_nan_1_2022","rural_connectivity_in_lakhs_nan_2022","rural_connectivity_in_lakhs_nan_1_2022","rural_drinking_water_in_lakhs_nan_2022","rural_drinking_water_in_lakhs_nan_1_2022","rural_sanitation_in_lakhs_nan_2022","rural_sanitation_in_lakhs_nan_1_2022","water_conservation_and_water_harvesting_in_lakhs_nan_2022","water_conservation_and_water_harvesting_in_lakhs_nan_1_2022","works_on_individuals_land_category_iv_in_lakhs_nan_2022","works_on_individuals_land_category_iv_in_lakhs_nan_1_2022","nan_in_lakhs_completed_2022","nan_in_lakhs_2022","nan_in_lakhs_1_2022","childcare_comp_project_2022","childcare_comp_expenditure_2022","childcare_ongoing_project_2022","childcare_ongoing_expenditure_2022","water_trad_comp_project_2022","water_trad_comp_expenditure_2022","water_trad_ongoing_project_2022","water_trad_ongoing_expenditure_2022","connectivity_comp_project_2022","connectivity_comp_expenditure_2022","connectivity_ongoing_project_2022","connectivity_ongoing_expenditure_2022","drinking_water_comp_project_2022","drinking_water_comp_expenditure_2022","drinking_water_ongoing_project_2022","drinking_water_ongoing_expenditure_2022","sanitation_comp_project_2022","sanitation_comp_expenditure_2022","sanitation_ongoing_project_2022","sanitation_ongoing_expenditure_2022","water_conserve_comp_project_2022","water_conserve_comp_expenditure_2022","water_conserve_ongoing_project_2022","water_conserve_ongoing_expenditure_2022","total_comp_project_2022","total_comp_expenditure_2022","total_ongoing_project_2022","total_ongoing_expenditure_2022","drought_comp_project_2022","drought_comp_expenditure_2022","drought_ongoing_project_2022","drought_ongoing_expenditure_2022","land_dev_comp_project_2022","land_dev_comp_expenditure_2022","land_dev_ongoing_project_2022","land_dev_ongoing_expenditure_2022","micro_irrig_comp_project_2022","micro_irrig_comp_expenditure_2022","micro_irrig_ongoing_project_2022","micro_irrig_ongoing_expenditure_2022","flood_comp_project_2022","flood_comp_expenditure_2022","flood_ongoing_project_2022","flood_ongoing_expenditure_2022","number_of_jobcards_applied_for_2022","number_of_jobcards_issued_2022","registered_workers_s_cs_2022","registered_workers_s_ts_2022","registered_workers_others_2022","registered_workers_total_workers_2022","registered_workers_women_2022","number_of_active_job_cards_2022","active_workers_s_cs_2022","active_workers_s_ts_2022","active_workers_others_2022","active_workers_total_workers_2022","active_workers_women_2022","yearly_household_2022","yearly_persons_2022","x3_a_hh_issued_jobcards_s_cs_2022","x3_b_hh_issued_jobcards_s_ts_2022","x3_c_hh_issued_jobcards_others_2022","x3_d_hh_issued_jobcards_total_2022","x4_a_no_of_hh_provided_employment_s_cs_2022","x4_b_no_of_hh_provided_employment_s_ts_2022","x4_c_no_of_hh_provided_employment_others_2022","x4_d_no_of_hh_provided_employment_total_2022","x4_e_emp_provided_no_of_women_2022","x5_a_no_of_persondays_generated_s_cs_2022","x5_b_no_of_persondays_generated_s_ts_2022","x5_c_no_of_persondays_generated_others_2022","x5_d_no_of_persondays_generated_total_2022","x5_e_no_of_persondays_generated_women_2022","x6_a_families_completed_100_days_s_cs_2022","x6_b_families_completed_100_days_s_ts_2022","x6_c_families_completed_100_days_others_2022","x6_d_families_completed_100_days_total_2022"
"1","Dausa","Bandikui","Abhaneri","0 0","2 0","0 0","0 0","0 0","0 0","0 0","0 0","0 0","0 0","0 0","0 0","0 0","0 0","0 0","0 0","0 0","0 0","0 0","7 0","10 0","0 0","0 0","0 0",NA,NA,NA,"0 0","4 1.24","0 0","1 3.73","9 12.52","2 0","0 0","0 0","0 0","0 0","0 0","0 0","0 0","1 0.46","2 0","0 0","0 0","0 0","0 0","0 0","0 0","0 0","3 0.09","2 0","4 4.33","26 14.31","16 0","3 0.6","0 0","0 0",NA,NA,NA,NA,NA,NA,NA,NA,NA,NA,NA,NA,NA,NA,NA,NA,NA,NA,NA,NA,NA,NA,NA,NA,NA,NA,NA,NA,NA,NA,NA,NA,NA,NA,NA,NA,NA,0,0,2,0,0,0,0,0,0,0,4,1.24,0,0,0,0,0,0,7,0,1,3.73,9,12.52,4,4.33,26,14.31,0,0,3,0.09,3,0.6,0,0,0,0,0,0,0,0,0,0,821,818,310,27,808,1145,834,575,140,8,539,687,562,1134,1228,232,21,567,820,57,1,222,280,271,1502,9,7313,8824,7713,0,0,1,1
"2","Ajmer","Bhinay","Bhinay","0 0","3 1.14","1 0","0 0","0 0","0 0","0 0","0 0","0 0","0 0","0 0","0 0","0 0","0 0","0 0","0 0","0 0","0 0","0 0","3 0","0 0","0 0","1 0","0 0",NA,NA,NA,"1 0","12 16.09","1 0","1 0.03","15 36.33","2 0","0 0","3 1.58","5 0","0 0","0 0","1 0","0 0","0 0","0 0","0 0","0 0","0 0","0 0","2 4.48","1 0","1 0","5 2.03","1 0","3 0.03","61 63.71","15 0","0 0","17 2.06","3 0",NA,NA,NA,NA,NA,NA,NA,NA,NA,NA,NA,NA,NA,NA,NA,NA,NA,NA,NA,NA,NA,NA,NA,NA,NA,NA,NA,NA,NA,NA,NA,NA,NA,NA,NA,NA,NA,0,0,3,1.14,0,0,3,1.58,1,0,12,16.09,0,0,0,0,0,0,3,0,1,0.03,15,36.33,3,0.03,61,63.71,1,0,5,2.03,0,0,17,2.06,0,0,2,4.48,0,0,0,0,2405,2405,911,51,3474,4436,2295,2115,611,35,2258,2904,1823,7508,8720,479,29,1897,2405,337,19,1140,1496,1333,12686,627,40873,54186,38674,0,0,16,16
"3","Jhunjhunu","Khetri","Shimla","0 0","1 0","0 0","0 0","0 0","0 0","0 0","0 0","0 0","0 0","0 0","0 0","0 0","0 0","0 0","0 0","0 0","0 0","0 0","0 0","0 0","0 0","0 0","1 0",NA,NA,NA,"0 0","1 0","0 0","2 0.35","1 5.61","0 0","0 0","1 1.08","1 0","0 0","0 0","0 0","0 0","0 0","1 0","0 0","0 0","0 0","0 0","0 0","0 0","1 2.29","0 0","0 0","3 2.63","5 7.22","13 0","0 0","1 0.53","10 0",NA,NA,NA,NA,NA,NA,NA,NA,NA,NA,NA,NA,NA,NA,NA,NA,NA,NA,NA,NA,NA,NA,NA,NA,NA,NA,NA,NA,NA,NA,NA,NA,NA,NA,NA,NA,NA,0,0,1,0,0,0,1,1.08,0,0,1,0,0,0,0,0,0,0,0,0,2,0.35,1,5.61,3,2.63,5,7.22,1,2.29,0,0,0,0,1,0.53,0,0,0,0,0,0,0,0,187,179,102,0,162,264,147,156,80,0,84,164,103,632,664,80,0,107,187,50,0,53,103,69,2849,0,2749,5598,3540,1,0,2,3
"4","Pali","Rohat","Dhabar","0 0","2 0.94","0 0","0 0","0 0","0 0","0 0","0 0","0 0","0 0","0 0","0 0","0 0","0 0","0 0","0 0","0 0","0 0","0 0","0 0","0 0","0 0","0 0","0 0",NA,NA,NA,"0 0","22 19.7","0 0","1 0","10 23.22","0 0","0 0","3 1.77","0 0","0 0","0 0","0 0","0 0","0 0","1 0","0 0","0 0","0 0","0 0","5 13.31","0 0","0 0","1 0","0 0","3 0.2","118 62.83","19 0","2 0.2","75 3.89","18 0",NA,NA,NA,NA,NA,NA,NA,NA,NA,NA,NA,NA,NA,NA,NA,NA,NA,NA,NA,NA,NA,NA,NA,NA,NA,NA,NA,NA,NA,NA,NA,NA,NA,NA,NA,NA,NA,0,0,2,0.94,0,0,3,1.77,0,0,22,19.7,0,0,0,0,0,0,0,0,1,0,10,23.22,3,0.2,118,62.83,0,0,1,0,2,0.2,75,3.89,0,0,5,13.31,0,0,0,0,1242,1224,575,2,2686,3263,1563,965,262,2,1027,1291,867,2881,3079,228,1,995,1224,151,1,609,761,668,6808,97,27325,34230,27186,1,0,8,9
"5","Pali","Sumerpur","Bamnera","0 0","1 0.33","0 0","0 0","0 0","0 0","0 0","0 0","0 0","0 0","0 0","0 0","0 0","0 0","0 0","0 0","0 0","0 0","0 0","0 0","0 0","0 0","0 0","1 0",NA,NA,NA,"0 0","3 8.2","0 0","0 0","3 10.44","0 0","1 0","2 0","0 0","0 0","2 0","1 0","0 0","2 0.84","0 0","0 0","0 0","0 0","0 0","0 0","0 0","0 0","2 0","3 0","8 1.16","16 19.81","13 0","7 1.16","1 0","8 0",NA,NA,NA,NA,NA,NA,NA,NA,NA,NA,NA,NA,NA,NA,NA,NA,NA,NA,NA,NA,NA,NA,NA,NA,NA,NA,NA,NA,NA,NA,NA,NA,NA,NA,NA,NA,NA,0,0,1,0.33,1,0,2,0,0,0,3,8.2,0,0,0,0,0,0,0,0,0,0,3,10.44,8,1.16,16,19.81,0,0,2,0,7,1.16,1,0,0,0,0,0,0,0,2,0,502,468,321,142,744,1207,594,368,115,60,241,416,316,1374,1400,129,55,286,470,78,45,134,257,230,4840,3004,5056,12900,11189,10,5,1,16
"6","Chittorgarh","Gangrar","Kanti","0 0","3 1.48","0 0","0 0","0 0","0 0","0 0","0 0","0 0","0 0","0 0","0 0","0 0","0 0","0 0","0 0","0 0","0 0","0 0","0 0","2 0","0 0","0 0","0 0",NA,NA,NA,"6 0.65","17 44.02","9 0","2 5.47","8 11.39","3 0","0 0","0 0","0 0","0 0","2 5.56","1 0","0 0","0 0","0 0","0 0","0 0","0 0","0 0","0 0","0 0","0 0","0 0","0 0","61 33.81","243 118.61","35 0","53 27.68","213 56.17","20 0",NA,NA,NA,NA,NA,NA,NA,NA,NA,NA,NA,NA,NA,NA,NA,NA,NA,NA,NA,NA,NA,NA,NA,NA,NA,NA,NA,NA,NA,NA,NA,NA,NA,NA,NA,NA,NA,0,0,3,1.48,0,0,0,0,6,0.65,17,44.02,0,0,0,0,0,0,0,0,2,5.47,8,11.39,61,33.81,243,118.61,0,0,0,0,53,27.68,213,56.17,0,0,0,0,0,0,2,5.56,1540,1489,652,196,2478,3326,1655,1188,463,125,1508,2096,1027,5030,6810,277,57,1013,1347,222,32,637,891,695,13463,2064,35843,51370,24769,20,5,52,77
"7","Banswara","Anadpuri","Chandervada","0 0","3 1.05","2 0","0 0","0 0","0 0","0 0","0 0","0 0","0 0","0 0","0 0","0 0","1 0","0 0","0 0","0 0","0 0","0 0","1 0.25","1 0","0 0","0 0","0 0",NA,NA,NA,"0 0","5 3.49","3 0","0 0","23 2.34","0 0","0 0","2 1.28","0 0","0 0","0 0","0 0","0 0.16","19 16.8","0 0","0 0","0 0","0 0","0 0","4 4.55","0 0","0 0","3 0.28","1 0","179 27.32","187 45.96","29 0","179 27.17","126 15.92","22 0",NA,NA,NA,NA,NA,NA,NA,NA,NA,NA,NA,NA,NA,NA,NA,NA,NA,NA,NA,NA,NA,NA,NA,NA,NA,NA,NA,NA,NA,NA,NA,NA,NA,NA,NA,NA,NA,0,0,3,1.05,0,0,2,1.28,0,0,5,3.49,0,0,0,0,0,0,1,0.25,0,0,23,2.34,179,27.32,187,45.96,0,0,3,0.28,179,27.17,126,15.92,0,0,4,4.55,0,0,0,0,1075,1013,236,2874,771,3881,1910,920,189,2097,524,2810,1411,2065,3331,103,626,299,1028,82,406,175,663,634,3640,18850,8697,31187,16795,5,19,2,26
"8","Dausa","Bandikui","Bhanvata Bhanvti","1 0.03","1 0","0 0","0 0","0 0","0 0","0 0","0 0","0 0","0 0","0 0","0 0","0 0","0 0","0 0","0 0","0 0","0 0","0 0","14 0.49","28 0","0 0","0 0","1 0",NA,NA,NA,"0 0","10 41.89","0 0","10 7.7","2 8.85","2 0","0 0","0 0","0 0","0 0","0 0","0 0","0 0","6 0","3 0","0 0","0 0","0 0","0 0","0 0","0 0","1 0.65","3 1.21","1 0","16 8.9","38 52.5","36 0","4 0.53","2 0.06","1 0",NA,NA,NA,NA,NA,NA,NA,NA,NA,NA,NA,NA,NA,NA,NA,NA,NA,NA,NA,NA,NA,NA,NA,NA,NA,NA,NA,NA,NA,NA,NA,NA,NA,NA,NA,NA,NA,1,0.03,1,0,0,0,0,0,0,0,10,41.89,0,0,0,0,0,0,14,0.49,10,7.7,2,8.85,16,8.9,38,52.5,1,0.65,3,1.21,4,0.53,2,0.06,0,0,0,0,0,0,0,0,823,786,142,821,439,1402,834,716,62,499,236,797,637,1263,1341,82,454,264,800,43,331,169,543,510,1572,8529,4447,14548,12590,2,4,2,8
"9","Bharatpur","Bayana","Salabad","0 0","1 0","0 0","0 0","0 0","0 0","0 0","0 0","0 0","0 0","0 0","0 0","0 0","0 0","0 0","0 0","0 0","0 0","0 0","0 0","0 0","0 0","1 0","0 0",NA,NA,NA,"1 2.36","3 4.22","0 0","1 0.92","3 4.65","1 0","0 0","0 0","0 0","0 0","1 2.87","0 0","0 0","1 0","0 0","0 0","0 0","0 0","0 0","0 0","0 0","0 0","0 0","0 0","2 3.28","20 12.35","3 0","0 0","10 0.61","2 0",NA,NA,NA,NA,NA,NA,NA,NA,NA,NA,NA,NA,NA,NA,NA,NA,NA,NA,NA,NA,NA,NA,NA,NA,NA,NA,NA,NA,NA,NA,NA,NA,NA,NA,NA,NA,NA,0,0,1,0,0,0,0,0,1,2.36,3,4.22,0,0,0,0,0,0,0,0,1,0.92,3,4.65,2,3.28,20,12.35,0,0,0,0,0,0,10,0.61,0,0,0,0,0,0,1,2.87,860,860,453,0,1197,1650,669,387,168,0,295,463,275,707,748,230,0,627,857,109,0,215,324,242,3302,0,6026,9328,6153,0,0,0,0
"10","Bharatpur","Bayana","Dhadheren","0 0","0 0","0 0","0 0","0 0","0 0","0 0","0 0","0 0","0 0","1 0","0 0","0 0","0 0","0 0","0 0","0 0","0 0","0 0","0 0","0 0","0 0","0 0","0 0",NA,NA,NA,"0 0","2 0.53","0 0","0 0","3 10.36","0 0","0 0","1 0","0 0","0 0","0 0","0 0","0 0","2 0.01","1 0","0 0","0 0","0 0","0 0","0 0","0 0","0 0","0 0","0 0","5 0.05","41 11.92","4 0","5 0.05","32 1.02","3 0",NA,NA,NA,NA,NA,NA,NA,NA,NA,NA,NA,NA,NA,NA,NA,NA,NA,NA,NA,NA,NA,NA,NA,NA,NA,NA,NA,NA,NA,NA,NA,NA,NA,NA,NA,NA,NA,0,0,0,0,0,0,1,0,0,0,2,0.53,0,0,0,0,0,0,0,0,0,0,3,10.36,5,0.05,41,11.92,0,0,0,0,5,0.05,32,1.02,0,0,0,0,0,0,0,0,878,868,333,375,698,1406,745,406,134,31,275,440,268,731,881,199,250,429,878,73,12,171,256,220,1823,129,4733,6685,4847,1,0,0,1
"11","Jodhpur","Shergarh","Solankiya Tala","0 0","2 0.08","0 0","0 0","0 0","0 0","0 0","0 0","0 0","0 0","0 0","0 0","0 0","0 0","0 0","0 0","0 0","0 0","0 0","0 0","0 0","0 0","0 0","0 0",NA,NA,NA,"4 0","6 12.42","2 0","1 0.5","13 5.6","3 0","0 0","2 2.39","0 0","0 0","0 0","0 0","0 0","0 0","0 0","0 0","0 0","0 0","0 0","0 0","0 0","0 0","4 0.68","0 0","52 3.6","61 37.23","7 0","47 3.1","34 16.06","2 0",NA,NA,NA,NA,NA,NA,NA,NA,NA,NA,NA,NA,NA,NA,NA,NA,NA,NA,NA,NA,NA,NA,NA,NA,NA,NA,NA,NA,NA,NA,NA,NA,NA,NA,NA,NA,NA,0,0,2,0.08,0,0,2,2.39,4,0,6,12.42,0,0,0,0,0,0,0,0,1,0.5,13,5.6,52,3.6,61,37.23,0,0,4,0.68,47,3.1,34,16.06,0,0,0,0,0,0,0,0,1147,1147,819,492,3965,5276,2638,1037,613,326,2667,3606,1938,1292,1590,199,97,845,1141,108,45,302,455,401,5216,1213,11880,18309,11965,9,1,15,25
"12","Bharatpur","Nadbai","Lakhanpur","0 0","0 0","0 0","0 0","0 0","0 0","0 0","0 0","0 0","0 0","0 0","0 0","0 0","0 0","0 0","0 0","0 0","0 0","0 0","0 0","0 0","0 0","0 0","0 0",NA,NA,NA,"0 0","1 2.12","0 0","0 0","1 0.3","0 0","0 0","1 5.48","0 0","0 0","0 0","0 0","0 0","0 0","1 0","0 0","0 0","0 0","0 0","1 0.69","0 0","0 0","0 0","0 0","0 0","4 8.59","7 0","0 0","0 0","6 0",NA,NA,NA,NA,NA,NA,NA,NA,NA,NA,NA,NA,NA,NA,NA,NA,NA,NA,NA,NA,NA,NA,NA,NA,NA,NA,NA,NA,NA,NA,NA,NA,NA,NA,NA,NA,NA,0,0,0,0,0,0,1,5.48,0,0,1,2.12,0,0,0,0,0,0,0,0,0,0,1,0.3,0,0,4,8.59,0,0,0,0,0,0,0,0,0,0,1,0.69,0,0,0,0,701,701,846,22,1433,2301,1033,546,307,9,486,802,414,646,670,243,7,451,701,112,1,182,295,192,1876,23,3373,5272,3035,0,0,0,0
"13","Ganganagar","Suratgarh","Bakhtawarpura","0 0","1 0","1 0","0 0","0 0","0 0","0 0","0 0","0 0","0 0","0 0","0 0","0 0","0 0","0 0","0 0","0 0","0 0","0 0","1 0","73 0","0 0","0 0","0 0",NA,NA,NA,"7 0.77","18 3.27","3 0","0 0","0 0","0 0","0 0","2 0.06","1 0","0 0","0 0","0 0","2 0.03","1 0","0 0","0 0","0 0","0 0","1 0.04","8 1.25","2 0","0 0","10 30.58","1 0","63 10.18","133 37.9","106 0","53 9.33","92 2.75","25 0",NA,NA,NA,NA,NA,NA,NA,NA,NA,NA,NA,NA,NA,NA,NA,NA,NA,NA,NA,NA,NA,NA,NA,NA,NA,NA,NA,NA,NA,NA,NA,NA,NA,NA,NA,NA,NA,0,0,1,0,0,0,2,0.06,7,0.77,18,3.27,0,0,0,0,0,0,1,0,0,0,0,0,63,10.18,133,37.9,0,0,10,30.58,53,9.33,92,2.75,1,0.04,8,1.25,0,0,0,0,1422,1402,337,9,2179,2525,1230,1288,282,9,1739,2030,992,1264,1786,187,5,1227,1419,62,1,337,400,290,2894,76,13307,16277,7724,6,0,26,32
"14","Jaisalmer","Sam","Chhatangarh","0 0","7 6.92","0 0","0 0","0 0","0 0","0 0","0 0","0 0","0 0","0 0","0 0","0 0","0 0","0 0","0 0","0 0","0 0","0 0","0 0","0 0","0 0","0 0","0 0",NA,NA,NA,"0 0","23 12.06","6 0","3 0.73","12 20.23","24 0","0 0","0 0","0 0","0 0","0 0","0 0","0 0","0 0","2 0","0 0","0 0","0 0","0 0","0 0","0 0","0 0","0 0","0 0","64 9.25","53 39.92","43 0","61 8.52","11 0.71","11 0",NA,NA,NA,NA,NA,NA,NA,NA,NA,NA,NA,NA,NA,NA,NA,NA,NA,NA,NA,NA,NA,NA,NA,NA,NA,NA,NA,NA,NA,NA,NA,NA,NA,NA,NA,NA,NA,0,0,7,6.92,0,0,0,0,0,0,23,12.06,0,0,0,0,0,0,0,0,3,0.73,12,20.23,64,9.25,53,39.92,0,0,0,0,61,8.52,11,0.71,0,0,0,0,0,0,0,0,491,476,72,13,1292,1377,663,447,62,6,1042,1110,513,1256,1595,29,0,444,473,25,0,306,331,189,2089,0,19441,21530,7109,13,0,91,104
"15","Dausa","Sikrai","Theekariya","0 0","1 2.72","3 0","0 0","0 0","0 0","0 0","0 0","0 0","0 0","0 0","0 0","0 0","0 0","0 0","0 0","0 0","0 0","0 0","0 0","1 0","0 0","0 0","0 0",NA,NA,NA,"2 0","1 0.84","0 0","1 0","0 0","1 0","0 0","0 0","0 0","0 0","0 0","0 0","0 0","1 2.88","0 0","0 0","0 0","0 0","0 0","0 0","0 0","0 0","2 0.67","2 0","3 0","47 14.57","20 0","0 0","42 7.46","13 0",NA,NA,NA,NA,NA,NA,NA,NA,NA,NA,NA,NA,NA,NA,NA,NA,NA,NA,NA,NA,NA,NA,NA,NA,NA,NA,NA,NA,NA,NA,NA,NA,NA,NA,NA,NA,NA,0,0,1,2.72,0,0,0,0,2,0,1,0.84,0,0,0,0,0,0,0,0,1,0,0,0,3,0,47,14.57,0,0,2,0.67,0,0,42,7.46,0,0,0,0,0,0,0,0,604,601,458,877,590,1925,1016,291,129,334,148,611,426,349,522,170,230,184,584,26,70,19,115,99,1496,2035,887,4418,2657,2,0,0,2
"16","Rajsamand","Kumbhalgarh","Dhanin","0 0","0 0","0 0","0 0","0 0","0 0","0 0","0 0","0 0","0 0","0 0","0 0","0 0","0 0","0 0","0 0","0 0","0 0","0 0","0 0","0 0","0 0","0 0","0 0",NA,NA,NA,"1 0.03","8 14.82","7 0","4 0.45","9 32.33","11 0","1 9.33","0 0","0 0","0 0","0 0","0 0","2 2.16","5 9.98","0 0","0 0","0 0","0 0","0 0","0 0","1 0","0 0","1 0.06","2 0","13 12.82","31 61.7","30 0","5 0.85","8 4.51","9 0",NA,NA,NA,NA,NA,NA,NA,NA,NA,NA,NA,NA,NA,NA,NA,NA,NA,NA,NA,NA,NA,NA,NA,NA,NA,NA,NA,NA,NA,NA,NA,NA,NA,NA,NA,NA,NA,0,0,0,0,1,9.33,0,0,1,0.03,8,14.82,0,0,0,0,0,0,0,0,4,0.45,9,32.33,13,12.82,31,61.7,0,0,1,0.06,5,0.85,8,4.51,0,0,0,0,0,0,0,0,1076,1063,911,599,1207,2717,1357,917,560,331,597,1488,836,2880,3087,357,247,471,1075,237,122,202,561,501,12778,6008,7242,26028,20415,16,4,4,24
"17","Banswara","Gadhi","Rohida","1 0.62","4 5.13","1 0","0 0","0 0","0 0","0 0","0 0","0 0","0 0","1 0","0 0","0 0","0 0","0 0","0 0","0 0","0 0","0 0","0 0","0 0","0 0","0 0","0 0",NA,NA,NA,"13 44.9","18 47.5","0 0","0 0","1 14.17","0 0","0 0","0 0","1 0","0 0","0 0","0 0","0 0","18 47.39","9 0","0 0","0 0","0 0","2 18.22","24 68.72","1 0","0 0","0 0","1 0","91 74.46","122 187.06","21 0","75 10.71","56 4.15","8 0",NA,NA,NA,NA,NA,NA,NA,NA,NA,NA,NA,NA,NA,NA,NA,NA,NA,NA,NA,NA,NA,NA,NA,NA,NA,NA,NA,NA,NA,NA,NA,NA,NA,NA,NA,NA,NA,1,0.62,4,5.13,0,0,0,0,13,44.9,18,47.5,0,0,0,0,0,0,0,0,0,0,1,14.17,91,74.46,122,187.06,0,0,0,0,75,10.71,56,4.15,2,18.22,24,68.72,0,0,0,0,974,962,251,1701,1320,3272,1625,888,221,1422,1155,2798,1411,4281,7227,91,474,397,962,89,426,385,900,998,6538,30455,27995,64988,33494,7,27,26,60
"18","Ajmer","Masuda","Baral -Ii","1 0","1 3.22","0 0","0 0","0 0","0 0","0 0","0 0","0 0","0 0","0 0","0 0","0 0","0 0","1 0","0 0","0 0","0 0","0 0","6 0.35","0 0","0 0","1 0","0 0",NA,NA,NA,"0 0","5 0","3 0","0 0","1 3.87","1 0","2 4.31","2 5.98","0 0","0 0","0 0","0 0","0 0","0 0","0 0","0 0","0 0","0 0","0 0","0 0","0 0","2 0.18","2 0.26","3 0","6 4.62","21 13.67","12 0","1 0.14","3 0","4 0",NA,NA,NA,NA,NA,NA,NA,NA,NA,NA,NA,NA,NA,NA,NA,NA,NA,NA,NA,NA,NA,NA,NA,NA,NA,NA,NA,NA,NA,NA,NA,NA,NA,NA,NA,NA,NA,1,0,1,3.22,2,4.31,2,5.98,0,0,5,0,0,0,0,0,0,0,6,0.35,0,0,1,3.87,6,4.62,21,13.67,2,0.18,2,0.26,1,0.14,3,0,0,0,0,0,0,0,0,0,934,875,182,100,1930,2212,1139,519,57,20,515,592,482,1205,1263,78,38,820,936,34,12,334,380,357,935,542,10684,12161,10945,0,0,1,1
"19","Churu","Ratangarh","Ratnadesar","0 0","4 9.52","1 0","0 0","0 0","0 0","0 0","0 0","0 0","0 0","1 0","0 0","0 0","1 0","0 0","0 0","0 0","0 0","0 0","2 0","1 0","0 0","0 0","0 0",NA,NA,NA,"0 0","2 35.88","0 0","0 0","12 45.39","5 0","0 0","0 0","0 0","0 0","0 0","0 0","0 0","3 0.75","0 0","0 0","0 0","0 0","0 0","0 0","0 0","0 0","4 1.18","1 0","11 0.69","84 129.39","32 0","11 0.69","55 36.67","24 0",NA,NA,NA,NA,NA,NA,NA,NA,NA,NA,NA,NA,NA,NA,NA,NA,NA,NA,NA,NA,NA,NA,NA,NA,NA,NA,NA,NA,NA,NA,NA,NA,NA,NA,NA,NA,NA,0,0,4,9.52,0,0,0,0,0,0,2,35.88,0,0,0,0,0,0,2,0,0,0,12,45.39,11,0.69,84,129.39,0,0,4,1.18,11,0.69,55,36.67,0,0,0,0,0,0,0,0,1072,1072,563,23,1667,2253,882,857,371,10,872,1253,445,3521,3988,264,9,804,1077,206,3,398,607,357,14740,106,23284,38130,20477,1,0,30,31
"20","Rajsamand","Khamnor","Unwas","0 0","3 0.78","3 0","0 0","0 0","0 0","0 0","0 0","0 0","0 0","1 0","0 0","0 0","0 0","0 0","0 0","0 0","0 0","0 0","0 0","4 0","0 0","0 0","0 0",NA,NA,NA,"2 0","7 28.36","2 0","1 0","6 20.58","4 0","1 0","1 0","0 0","0 0","0 0","0 0","0 0","0 0","0 0","0 0","0 0","0 0","0 0","1 1.27","0 0","1 0","5 0.92","0 0","11 0.09","84 52.08","21 0","6 0.09","60 0.17","8 0",NA,NA,NA,NA,NA,NA,NA,NA,NA,NA,NA,NA,NA,NA,NA,NA,NA,NA,NA,NA,NA,NA,NA,NA,NA,NA,NA,NA,NA,NA,NA,NA,NA,NA,NA,NA,NA,0,0,3,0.78,1,0,1,0,2,0,7,28.36,0,0,0,0,0,0,0,0,1,0,6,20.58,11,0.09,84,52.08,1,0,5,0.92,6,0.09,60,0.17,0,0,1,1.27,0,0,0,0,1095,1068,87,1060,1194,2341,1235,672,30,318,395,743,585,2396,2446,32,460,499,991,17,183,176,376,357,996,12752,12179,25927,23539,1,31,31,63
"21","Jodhpur","Shergarh","Shergarh","0 0","3 0.1","0 0","0 0","0 0","0 0","0 0","0 0","0 0","0 0","0 0","0 0","0 0","1 0","0 0","0 0","0 0","0 0","0 0","2 1.32","0 0","0 0","0 0","0 0",NA,NA,NA,"0 0","2 0","0 0","0 0.55","7 30.98","0 0","0 0","1 2.61","0 0","0 0","0 0","0 0","0 0","0 0","0 0","0 0","0 0","0 0","0 0","0 0","0 0","3 0.63","10 19.65","0 0","106 14.57","62 63.15","3 0","103 13.39","36 8.48","3 0",NA,NA,NA,NA,NA,NA,NA,NA,NA,NA,NA,NA,NA,NA,NA,NA,NA,NA,NA,NA,NA,NA,NA,NA,NA,NA,NA,NA,NA,NA,NA,NA,NA,NA,NA,NA,NA,0,0,3,0.1,0,0,1,2.61,0,0,2,0,0,0,0,0,0,0,2,1.32,0,0.55,7,30.98,106,14.57,62,63.15,3,0.63,10,19.65,103,13.39,36,8.48,0,0,0,0,0,0,0,0,1258,1183,1207,190,2288,3685,1896,1058,829,106,1539,2474,1512,1855,2177,401,57,711,1169,191,31,437,659,609,9592,1576,24097,35265,27588,4,0,42,46
"22","Nagaur","Ladnu","Kasumbi Alipur","0 0","1 5.45","0 0","0 0","0 0","0 0","0 0","0 0","0 0","0 0","0 0","0 0","0 0","0 0","0 0","0 0","0 0","0 0","0 0","0 0","1 0","0 0","0 0","0 0",NA,NA,NA,"0 0","14 53.63","0 0","0 0","2 10.78","0 0","0 0","1 0","0 0","0 0","0 0","0 0","0 0","2 2.06","0 0","0 0","0 0","0 0","0 0","0 0","0 0","0 0","3 0","0 0","4 0.1","45 88.94","6 0","4 0.1","22 17.02","5 0",NA,NA,NA,NA,NA,NA,NA,NA,NA,NA,NA,NA,NA,NA,NA,NA,NA,NA,NA,NA,NA,NA,NA,NA,NA,NA,NA,NA,NA,NA,NA,NA,NA,NA,NA,NA,NA,0,0,1,5.45,0,0,1,0,0,0,14,53.63,0,0,0,0,0,0,0,0,0,0,2,10.78,4,0.1,45,88.94,0,0,3,0,4,0.1,22,17.02,0,0,0,0,0,0,0,0,1170,1166,844,2,2159,3005,1435,712,318,0,579,897,582,1786,1817,337,1,838,1176,162,0,252,414,342,8225,0,12606,20831,17038,0,0,1,1
"23","Bikaner","Dungargarh","Dusarna Pandrikji","0 0","2 0","2 0","0 0","0 0","0 0","0 0","0 0","0 0","0 0","0 0","0 0","0 0","0 0","0 0","0 0","0 0","0 0","0 0","1 0","0 0","0 0","0 0","0 0",NA,NA,NA,"0 0","3 11.08","1 0","0 0","12 59.13","0 0","0 0","1 6.08","0 0","0 0","0 0","0 0","0 0","0 0","0 0","0 0","0 0","0 0","0 0","0 0","0 0","0 0","2 0.05","0 0","7 8.61","46 78.72","9 0","7 8.61","25 2.4","6 0",NA,NA,NA,NA,NA,NA,NA,NA,NA,NA,NA,NA,NA,NA,NA,NA,NA,NA,NA,NA,NA,NA,NA,NA,NA,NA,NA,NA,NA,NA,NA,NA,NA,NA,NA,NA,NA,0,0,2,0,0,0,1,6.08,0,0,3,11.08,0,0,0,0,0,0,1,0,0,0,12,59.13,7,8.61,46,78.72,0,0,2,0.05,7,8.61,25,2.4,0,0,0,0,0,0,0,0,902,858,909,31,3728,4668,2119,728,459,14,1925,2398,1083,2174,3002,204,13,647,864,95,2,357,454,352,7038,105,25385,32528,13847,8,0,49,57
"24","Ganganagar","Suratgarh","Sardarpurabika","0 0","1 0","0 0","0 0","0 0","0 0","0 0","0 0","0 0","0 0","0 0","0 0","0 0","0 0","0 0","0 0","0 0","0 0","0 0","0 0","6 0","0 0","0 0","0 0",NA,NA,NA,"5 6.79","5 8.57","20 0","0 0","1 0","0 0","0 0","0 0","1 0","0 0","0 0","0 0","3 1.16","1 2.95","3 0","0 0","0 0","0 0","6 5.39","4 7.27","1 0","0 0","3 0.01","0 0","26 15.23","68 25.32","39 0","12 1.89","53 6.53","8 0",NA,NA,NA,NA,NA,NA,NA,NA,NA,NA,NA,NA,NA,NA,NA,NA,NA,NA,NA,NA,NA,NA,NA,NA,NA,NA,NA,NA,NA,NA,NA,NA,NA,NA,NA,NA,NA,0,0,1,0,0,0,0,0,5,6.79,5,8.57,0,0,0,0,0,0,0,0,0,0,1,0,26,15.23,68,25.32,0,0,3,0.01,12,1.89,53,6.53,6,5.39,4,7.27,0,0,0,0,948,948,886,5,847,1738,826,838,701,2,639,1342,679,1959,2477,468,3,468,939,341,2,286,629,498,11639,50,10080,21769,13777,3,0,1,4
"25","Churu","Churu","Asalkhedi","0 0","0 0","0 0","0 0","0 0","0 0","0 0","0 0","0 0","0 0","0 0","0 0","0 0","0 0","0 0","0 0","0 0","0 0","0 0","0 0","1 0","0 0","0 0","0 0",NA,NA,NA,"0 0","11 34.28","10 0","1 1.24","6 28.71","9 0","0 0","0 0","0 0","0 0","0 0","0 0","0 0","1 0.08","1 0","0 0","0 0","0 0","0 0","0 0","0 0","0 0","6 2.08","4 0","3 1.58","32 68.69","51 0","2 0.34","8 3.54","26 0",NA,NA,NA,NA,NA,NA,NA,NA,NA,NA,NA,NA,NA,NA,NA,NA,NA,NA,NA,NA,NA,NA,NA,NA,NA,NA,NA,NA,NA,NA,NA,NA,NA,NA,NA,NA,NA,0,0,0,0,0,0,0,0,0,0,11,34.28,0,0,0,0,0,0,0,0,1,1.24,6,28.71,3,1.58,32,68.69,0,0,6,2.08,2,0.34,8,3.54,0,0,0,0,0,0,0,0,907,906,664,17,1807,2488,1004,695,400,4,959,1363,570,1411,1620,163,8,735,906,89,2,235,326,183,4551,111,11415,16077,8119,0,0,1,1
"26","Jaipur","Jamwaramgarh","Sayapura","0 0","1 0","0 0","0 0","0 0","0 0","0 0","0 0","0 0","0 0","0 0","0 0","0 0","0 0","0 0","0 0","0 0","0 0","0 0","0 0","0 0","0 0","0 0","0 0",NA,NA,NA,"0 0","0 0","0 0","1 0.02","5 8.62","0 0","0 0","0 0","0 0","0 0","0 0","0 0","0 0","0 0","0 0","0 0","0 0","0 0","0 0","0 0","0 0","0 0","0 0","0 0","2 0.14","6 8.62","0 0","1 0.13","0 0","0 0",NA,NA,NA,NA,NA,NA,NA,NA,NA,NA,NA,NA,NA,NA,NA,NA,NA,NA,NA,NA,NA,NA,NA,NA,NA,NA,NA,NA,NA,NA,NA,NA,NA,NA,NA,NA,NA,0,0,1,0,0,0,0,0,0,0,0,0,0,0,0,0,0,0,0,0,1,0.02,5,8.62,2,0.14,6,8.62,0,0,0,0,1,0.13,0,0,0,0,0,0,0,0,0,0,435,435,201,169,922,1292,1015,342,117,93,523,733,697,461,473,66,69,299,434,41,7,24,72,74,2451,482,1742,4675,4663,1,1,0,2
"27","Chittorgarh","Chittorgarh","Abhaypur","0 0","4 3.77","1 0","0 0","0 0","0 0","0 0","0 0","0 0","0 0","0 0","0 0","0 0","0 0","0 0","0 0","0 0","0 0","0 0","0 0","0 0","0 0","0 0","0 0",NA,NA,NA,"0 0","3 10.96","5 0","1 0","6 7.85","1 0","0 0","0 0","0 0","0 0","0 0","0 0","0 0","0 0","0 0","0 0","0 0","0 0","0 0","1 4.07","0 0","0 0","7 30.94","0 0","54 8.06","69 60.73","8 0","53 8.06","48 3.13","1 0",NA,NA,NA,NA,NA,NA,NA,NA,NA,NA,NA,NA,NA,NA,NA,NA,NA,NA,NA,NA,NA,NA,NA,NA,NA,NA,NA,NA,NA,NA,NA,NA,NA,NA,NA,NA,NA,0,0,4,3.77,0,0,0,0,0,0,3,10.96,0,0,0,0,0,0,0,0,1,0,6,7.85,54,8.06,69,60.73,0,0,7,30.94,53,8.06,48,3.13,0,0,1,4.07,0,0,0,0,1114,1092,88,1078,1038,2204,1077,599,15,364,362,741,396,1862,2103,57,499,533,1089,15,195,212,422,321,633,9850,14188,24671,14840,1,14,55,70
"28","Jodhpur","Shergarh","Tena","0 0","2 0.36","0 0","0 0","0 0","0 0","0 0","0 0","0 0","0 0","1 0","0 0","0 0","3 0","0 0","0 0","0 0","0 0","0 0","0 0","1 0","0 0","0 0","0 0",NA,NA,NA,"0 0","4 27.42","1 0","0 0","6 36.37","0 0","0 0","0 0","0 0","0 0","0 0","0 0","0 0","0 0","0 0","0 0","0 0","0 0","0 0","0 0","0 0","0 0.16","5 5.12","0 0","66 3.12","58 79.69","3 0","66 2.95","37 10.42","1 0",NA,NA,NA,NA,NA,NA,NA,NA,NA,NA,NA,NA,NA,NA,NA,NA,NA,NA,NA,NA,NA,NA,NA,NA,NA,NA,NA,NA,NA,NA,NA,NA,NA,NA,NA,NA,NA,0,0,2,0.36,0,0,0,0,0,0,4,27.42,0,0,0,0,0,0,0,0,0,0,6,36.37,66,3.12,58,79.69,0,0.16,5,5.12,66,2.95,37,10.42,0,0,0,0,0,0,0,0,939,924,778,265,2516,3559,1753,722,501,151,1438,2090,1276,2355,2494,183,143,599,925,136,99,273,508,452,9796,6646,16945,33387,28467,19,8,27,54
"29","Udaipur","Girwa","Kanpur","0 0","0 0","0 0","0 0","0 0","0 0","0 0","0 0","0 0","0 0","0 0","0 0","0 0","0 0","1 0","0 0","0 0","0 0","0 0","6 0.06","0 0","0 0","0 0","0 0",NA,NA,NA,"1 0","1 0","0 0","0 0","2 0.86","1 0","0 0","0 0","0 0","0 0","0 0","0 0","0 0","0 0","0 0","0 0","0 0","0 0","0 0","0 0","0 0","0 0","2 2.04","0 0","1 0","12 2.96","4 0","0 0","1 0","2 0",NA,NA,NA,NA,NA,NA,NA,NA,NA,NA,NA,NA,NA,NA,NA,NA,NA,NA,NA,NA,NA,NA,NA,NA,NA,NA,NA,NA,NA,NA,NA,NA,NA,NA,NA,NA,NA,0,0,0,0,0,0,0,0,1,0,1,0,0,0,0,0,0,0,6,0.06,0,0,2,0.86,1,0,12,2.96,0,0,2,2.04,0,0,1,0,0,0,0,0,0,0,0,0,154,129,88,2932,355,3375,1726,97,28,858,99,985,645,90,90,7,39,53,99,4,9,9,22,15,146,502,693,1341,894,0,2,1,3
"30","Kota","Sangod","Borinakalan","2 0","0 0","1 0","0 0","0 0","0 0","0 0","0 0","0 0","0 0","0 0","0 0","0 0","0 0","0 0","0 0","0 0","0 0","0 0","0 0","0 0","0 0","0 0","0 0",NA,NA,NA,"6 9.97","16 8.91","1 0","4 6.33","8 16.07","1 0","0 0","0 0","0 0","0 0","0 0","1 0","0 0","0 0","0 0","0 0","0 0","0 0","1 0.08","6 6.23","0 0","2 0.52","6 0.33","0 0","30 18.6","44 31.63","12 0","15 1.7","8 0.1","8 0",NA,NA,NA,NA,NA,NA,NA,NA,NA,NA,NA,NA,NA,NA,NA,NA,NA,NA,NA,NA,NA,NA,NA,NA,NA,NA,NA,NA,NA,NA,NA,NA,NA,NA,NA,NA,NA,2,0,0,0,0,0,0,0,6,9.97,16,8.91,0,0,0,0,0,0,0,0,4,6.33,8,16.07,30,18.6,44,31.63,2,0.52,6,0.33,15,1.7,8,0.1,1,0.08,6,6.23,0,0,0,0,681,681,370,96,1103,1569,714,600,299,70,766,1135,517,2103,2810,152,39,490,681,134,28,308,470,354,8887,1375,13701,23963,10720,28,3,10,41
"31","Rajsamand","Khamnor","Bada Bhajuna","0 0","1 0","0 0","0 0","0 0","0 0","0 0","0 0","0 0","0 0","0 0","0 0","0 0","0 0","0 0","0 0","0 0","0 0","0 0","0 0","1 0","0 0","0 0","0 0",NA,NA,NA,"1 3.17","5 4.5","2 0","3 9.26","6 23.97","2 0","2 0.06","1 0.99","0 0","0 0","0 0","0 0","0 0","0 0","0 0","0 0","0 0","0 0","0 0","0 0","0 0","0 0.11","3 3.27","2 0","55 19.29","28 34.66","40 0","49 6.69","12 1.93","33 0",NA,NA,NA,NA,NA,NA,NA,NA,NA,NA,NA,NA,NA,NA,NA,NA,NA,NA,NA,NA,NA,NA,NA,NA,NA,NA,NA,NA,NA,NA,NA,NA,NA,NA,NA,NA,NA,0,0,1,0,2,0.06,1,0.99,1,3.17,5,4.5,0,0,0,0,0,0,0,0,3,9.26,6,23.97,55,19.29,28,34.66,0,0.11,3,3.27,49,6.69,12,1.93,0,0,0,0,0,0,0,0,1400,1342,149,991,2107,3247,1658,1111,75,487,851,1413,1003,2297,2403,62,402,868,1332,41,263,324,628,567,2092,12212,13546,27850,24379,8,23,12,43
"32","Udaipur","Sarada","Sarada",NA,NA,NA,NA,NA,NA,NA,NA,NA,NA,NA,NA,NA,NA,NA,NA,NA,NA,NA,NA,NA,NA,NA,NA,NA,NA,NA,NA,NA,NA,NA,NA,NA,NA,NA,NA,NA,NA,NA,NA,NA,NA,NA,NA,NA,NA,NA,NA,NA,NA,NA,NA,NA,NA,NA,NA,NA,NA,NA,NA,NA,NA,NA,NA,NA,NA,NA,NA,NA,NA,NA,NA,NA,NA,NA,NA,NA,NA,NA,NA,NA,NA,NA,NA,NA,NA,NA,NA,NA,NA,NA,NA,NA,NA,NA,NA,NA,NA,NA,NA,NA,NA,NA,NA,NA,NA,NA,NA,NA,NA,NA,NA,NA,NA,NA,NA,NA,NA,NA,NA,NA,NA,NA,NA,NA,NA,NA,NA,NA,NA,NA,NA,NA,NA,NA,NA,NA,NA,NA,NA,NA,NA,NA,NA,NA,NA,NA,NA,NA,NA,NA,NA,NA,NA,NA,NA,NA,NA,NA,NA,NA,NA,NA,NA,NA,NA,NA,NA,NA,NA,NA
"33","Kota","Itawa","Bagli","0 0","3 0.03","2 0","0 0","0 0","0 0","0 0","0 0","0 0","0 0","0 0","0 0","0 0","0 0","0 0","0 0","0 0","0 0","0 0","0 0","0 0","0 0","0 0","0 0",NA,NA,NA,"0 0","10 25.65","11 0","6 1.19","4 9.5","5 0","0 0","2 6.29","0 0","0 0","0 0","0 0","0 0","0 0","0 0","0 0","0 0","0 0","0 0","1 5.09","2 0","2 0","3 0.08","0 0","103 14.09","50 48.22","37 0","95 12.9","27 1.58","17 0",NA,NA,NA,NA,NA,NA,NA,NA,NA,NA,NA,NA,NA,NA,NA,NA,NA,NA,NA,NA,NA,NA,NA,NA,NA,NA,NA,NA,NA,NA,NA,NA,NA,NA,NA,NA,NA,0,0,3,0.03,0,0,2,6.29,0,0,10,25.65,0,0,0,0,0,0,0,0,6,1.19,4,9.5,103,14.09,50,48.22,2,0,3,0.08,95,12.9,27,1.58,0,0,1,5.09,0,0,0,0,1126,1126,696,479,1342,2517,1193,942,432,304,688,1424,719,3393,3697,315,218,593,1126,240,163,363,766,565,12238,7393,14764,34395,21274,11,3,11,25
"34","Jaipur","Sahapura","Dhavli","0 0","0 0","0 0","0 0","0 0","0 0","0 0","0 0","0 0","0 0","0 0","0 0","0 0","0 0","0 0","0 0","0 0","0 0","0 0","0 0","0 0","0 0","0 0","0 0",NA,NA,NA,"0 0","1 0.6","0 0","2 13.94","2 8.35","0 0","1 0","3 1.07","0 0","0 0","0 0","0 0","0 0","1 0","1 0","0 0","1 0","0 0","0 0","0 0","0 0","0 0","0 0","0 0","6 14.46","25 10.12","2 0","3 0.52","17 0.1","1 0",NA,NA,NA,NA,NA,NA,NA,NA,NA,NA,NA,NA,NA,NA,NA,NA,NA,NA,NA,NA,NA,NA,NA,NA,NA,NA,NA,NA,NA,NA,NA,NA,NA,NA,NA,NA,NA,0,0,0,0,1,0,3,1.07,0,0,1,0.6,0,0,0,0,0,0,0,0,2,13.94,2,8.35,6,14.46,25,10.12,0,0,0,0,3,0.52,17,0.1,0,0,0,0,0,0,0,0,741,739,208,133,696,1037,742,500,103,60,334,497,450,1146,1157,156,101,482,739,58,37,215,310,305,2033,1445,7914,11392,10644,1,2,8,11
"35","Hanumangarh","Nohar","Ratanpura","0 0","5 6.78","1 0","0 0","0 0","0 0","0 0","0 0","0 0","0 0","0 0","0 0","0 0","0 0","0 0","0 0","0 0","0 0","0 0","0 0","0 0","0 0","1 0","0 0",NA,NA,NA,"2 2.5","21 26.51","0 0","0 0","3 0","0 0","0 0","0 0","0 0","0 0","0 0","0 0","0 0","10 0","0 0","0 0","0 0","0 0","5 2.18","26 37.74","1 0","1 0.02","0 0","0 0","66 9.89","71 71.32","12 0","58 5.18","5 0.29","10 0",NA,NA,NA,NA,NA,NA,NA,NA,NA,NA,NA,NA,NA,NA,NA,NA,NA,NA,NA,NA,NA,NA,NA,NA,NA,NA,NA,NA,NA,NA,NA,NA,NA,NA,NA,NA,NA,0,0,5,6.78,0,0,0,0,2,2.5,21,26.51,0,0,0,0,0,0,0,0,0,0,3,0,66,9.89,71,71.32,1,0.02,0,0,58,5.18,5,0.29,5,2.18,26,37.74,0,0,0,0,946,946,585,0,1352,1937,907,796,387,0,656,1043,537,3444,3699,284,0,661,945,237,0,358,595,417,15722,0,20195,35917,21659,17,0,62,79
"36","Dausa","Dausa","Surajpura","0 0","6 0","0 0","0 0","0 0","0 0","0 0","0 0","0 0","0 0","1 0","0 0","0 0","0 0","0 0","0 0","0 0","0 0","0 0","0 0","0 0","0 0","0 0","0 0",NA,NA,NA,"0 0","3 0.11","0 0","0 0","6 0.96","4 0","0 0","6 11","0 0","0 0","0 0","0 0","0 0","1 0","1 0","0 0","0 0","0 0","0 0","0 0","0 0","0 0","5 0","0 0","0 0","30 12.24","6 0","0 0","2 0.17","1 0",NA,NA,NA,NA,NA,NA,NA,NA,NA,NA,NA,NA,NA,NA,NA,NA,NA,NA,NA,NA,NA,NA,NA,NA,NA,NA,NA,NA,NA,NA,NA,NA,NA,NA,NA,NA,NA,0,0,6,0,0,0,6,11,0,0,3,0.11,0,0,0,0,0,0,0,0,0,0,6,0.96,0,0,30,12.24,0,0,5,0,0,0,2,0.17,0,0,0,0,0,0,0,0,569,568,279,617,328,1224,843,480,164,328,214,706,633,787,831,112,356,98,566,26,90,38,154,153,272,4761,1768,6801,6501,0,0,0,0
"37","Chittorgarh","Chittorgarh","Shambhupura","0 0","2 1.24","0 0","0 0","0 0","0 0","0 0","0 0","0 0","0 0","0 0","0 0","0 0","0 0","0 0","0 0","0 0","0 0","0 0","0 0","0 0","0 0","0 0","0 0",NA,NA,NA,"0 0.81","3 0.81","1 0","0 4.17","3 0","0 0","0 0","1 5.05","0 0","0 0","0 0","0 0","0 0","1 0.24","0 0","0 0","0 0","0 0","1 0.05","1 1.75","0 0","0 0.03","2 0","0 0","8 6.15","13 9.1","3 0","7 1.08","0 0","2 0",NA,NA,NA,NA,NA,NA,NA,NA,NA,NA,NA,NA,NA,NA,NA,NA,NA,NA,NA,NA,NA,NA,NA,NA,NA,NA,NA,NA,NA,NA,NA,NA,NA,NA,NA,NA,NA,0,0,2,1.24,0,0,1,5.05,0,0.81,3,0.81,0,0,0,0,0,0,0,0,0,4.17,3,0,8,6.15,13,9.1,0,0.03,2,0,7,1.08,0,0,1,0.05,1,1.75,0,0,0,0,615,600,392,185,977,1554,827,289,120,58,212,390,299,722,842,166,79,354,599,42,21,83,146,154,1824,747,3771,6342,5716,3,1,9,13
"38","Rajsamand","Amet","Sakarada","0 0","0 0","0 0","0 0","0 0","0 0","0 0","0 0","0 0","0 0","0 0","0 0","0 0","0 0","0 0","0 0","0 0","0 0","0 0","1 0","6 0","0 0","0 0","0 0",NA,NA,NA,"7 9.94","5 3.72","0 0","11 0.04","15 58.59","16 0","0 0","4 17.86","2 0","0 0","0 0","0 0","0 0","6 17.93","0 0","0 0","0 0","0 0","0 0","0 0","0 0","1 0","0 0","0 0","40 11.71","45 98.1","48 0","21 1.73","14 0","24 0",NA,NA,NA,NA,NA,NA,NA,NA,NA,NA,NA,NA,NA,NA,NA,NA,NA,NA,NA,NA,NA,NA,NA,NA,NA,NA,NA,NA,NA,NA,NA,NA,NA,NA,NA,NA,NA,0,0,0,0,0,0,4,17.86,7,9.94,5,3.72,0,0,0,0,0,0,1,0,11,0.04,15,58.59,40,11.71,45,98.1,1,0,0,0,21,1.73,14,0,0,0,0,0,0,0,0,0,1195,1191,910,284,2052,3246,1623,1091,497,157,1048,1702,1047,4167,4515,333,117,745,1195,257,89,533,879,814,13191,4902,29764,47857,39687,2,0,3,5
"39","Tonk","Niwai","Noheta","0 0","3 0","0 0","0 0","0 0","0 0","0 0","0 0","0 0","0 0","0 0","0 0","0 0","0 0","0 0","0 0","0 0","0 0","0 0","0 0","0 0","0 0","0 0","1 0",NA,NA,NA,"0 0","4 13.26","1 0","1 0.1","3 6.14","1 0","1 0","9 5.5","0 0","0 0","0 0","0 0","0 0","0 0","0 0","0 0","0 0","0 0","0 0","0 0","0 0","0 0","3 6.87","4 0","13 4.68","146 62.49","24 0","11 4.58","124 30.72","17 0",NA,NA,NA,NA,NA,NA,NA,NA,NA,NA,NA,NA,NA,NA,NA,NA,NA,NA,NA,NA,NA,NA,NA,NA,NA,NA,NA,NA,NA,NA,NA,NA,NA,NA,NA,NA,NA,0,0,3,0,1,0,9,5.5,0,0,4,13.26,0,0,0,0,0,0,0,0,1,0.1,3,6.14,13,4.68,146,62.49,0,0,3,6.87,11,4.58,124,30.72,0,0,0,0,0,0,0,0,1296,1274,637,73,1532,2242,1123,1030,366,56,827,1249,753,3453,4250,344,47,911,1302,185,27,452,664,599,9950,1210,20787,31947,22186,3,0,12,15
"40","Churu","Churu","Pithisar","0 0","0 0","0 0","0 0","0 0","0 0","0 0","0 0","0 0","0 0","0 0","0 0","0 0","0 0","0 0","0 0","0 0","0 0","0 0","0 0","1 0","0 0","0 0","0 0",NA,NA,NA,"19 15.65","10 59.7","0 0","1 0","10 39.98","3 0","0 0","0 0","0 0","0 0","1 12.76","0 0","1 0.02","10 81.95","1 0","0 0","0 0","0 0","0 0","0 0","0 0","1 5.66","0 0","0 0","58 27.26","65 211.2","40 0","36 5.93","34 16.82","35 0",NA,NA,NA,NA,NA,NA,NA,NA,NA,NA,NA,NA,NA,NA,NA,NA,NA,NA,NA,NA,NA,NA,NA,NA,NA,NA,NA,NA,NA,NA,NA,NA,NA,NA,NA,NA,NA,0,0,0,0,0,0,0,0,19,15.65,10,59.7,0,0,0,0,0,0,0,0,1,0,10,39.98,58,27.26,65,211.2,1,5.66,0,0,36,5.93,34,16.82,0,0,0,0,0,0,1,12.76,1502,1502,414,8,2583,3005,1432,1405,337,8,2059,2404,1267,5932,7609,205,4,1293,1502,174,4,1096,1274,1119,11761,302,75990,88053,52898,38,0,269,307
"41","Jaipur","Jamwaramgarh","Papad","0 0","3 1.16","0 0","0 0","0 0","0 0","0 0","0 0","0 0","0 0","0 0","0 0","0 0","0 0","0 0","0 0","0 0","0 0","0 0","0 0","0 0","0 0","0 0","0 0",NA,NA,NA,"0 0.7","1 0","0 0","5 2.58","10 23.74","1 0","0 0","0 0","0 0","0 0","0 0","0 0","0 0","0 0","0 0","0 0","0 0","0 0","0 0","0 0","0 0","0 0","0 0","0 0","9 4.07","21 24.92","3 0","4 0.78","7 0.01","2 0",NA,NA,NA,NA,NA,NA,NA,NA,NA,NA,NA,NA,NA,NA,NA,NA,NA,NA,NA,NA,NA,NA,NA,NA,NA,NA,NA,NA,NA,NA,NA,NA,NA,NA,NA,NA,NA,0,0,3,1.16,0,0,0,0,0,0.7,1,0,0,0,0,0,0,0,0,0,5,2.58,10,23.74,9,4.07,21,24.92,0,0,0,0,4,0.78,7,0.01,0,0,0,0,0,0,0,0,665,659,106,953,224,1283,887,489,72,421,102,595,528,1290,1311,150,333,177,660,39,114,80,233,221,2164,6699,4315,13178,12272,0,1,0,1
"42","Pratapgarh","Arnod","Moheda","2 0","0 0","1 0","0 0","0 0","0 0","0 0","0 0","0 0","0 0","0 0","0 0","0 0","0 0","0 0","0 0","0 0","0 0","0 0","0 0","0 0","0 0","0 0","1 0",NA,NA,NA,"5 0.43","29 123.91","3 0","8 1.76","12 38.32","0 0","0 0","4 0.78","0 0","0 0","0 0","0 0","0 0","0 0","0 0","0 0","0 0","0 0","0 0","0 0","0 0","4 1.03","2 0","1 0","110 11.59","205 200.03","19 0","91 8.37","158 37.02","13 0",NA,NA,NA,NA,NA,NA,NA,NA,NA,NA,NA,NA,NA,NA,NA,NA,NA,NA,NA,NA,NA,NA,NA,NA,NA,NA,NA,NA,NA,NA,NA,NA,NA,NA,NA,NA,NA,2,0,0,0,0,0,4,0.78,5,0.43,29,123.91,0,0,0,0,0,0,0,0,8,1.76,12,38.32,110,11.59,205,200.03,4,1.03,2,0,91,8.37,158,37.02,0,0,0,0,0,0,0,0,1475,1428,210,1872,1160,3242,1633,1313,175,1530,976,2681,1363,5118,7596,95,806,535,1436,80,694,437,1211,1160,4786,44131,27055,75972,39548,3,18,20,41
"43","Dungarpur","Sagwara","Samliya Pandiya","0 0","14 19.64","7 0","0 0","0 0","0 0","0 0","0 0","0 0","0 0","1 0","0 0","0 0","0 0","0 0","0 0","0 0","0 0","0 0.19","7 0.25","1 0","0 0","0 0","0 0",NA,NA,NA,"0 0","1 1.41","0 0","3 37.04","40 48.75","60 0","0 0","3 8.5","4 0","0 0","0 0","0 0","0 0","0 0","1 0","0 0","0 0","0 0","0 0","0 0","0 0","0 0","2 0","0 0","32 42.44","76 79.14","79 0","29 5.21","8 0.58","6 0",NA,NA,NA,NA,NA,NA,NA,NA,NA,NA,NA,NA,NA,NA,NA,NA,NA,NA,NA,NA,NA,NA,NA,NA,NA,NA,NA,NA,NA,NA,NA,NA,NA,NA,NA,NA,NA,0,0,14,19.64,0,0,3,8.5,0,0,1,1.41,0,0,0,0,0,0.19,7,0.25,3,37.04,40,48.75,32,42.44,76,79.14,0,0,2,0,29,5.21,8,0.58,0,0,0,0,0,0,0,0,793,793,129,1978,804,2911,1497,769,113,1665,704,2482,1336,5749,7005,66,500,227,793,62,460,215,737,696,4653,38619,18938,62210,45028,12,89,72,173
"44","Churu","Sujangarh","Jili","0 0","0 0","2 0","0 0","0 0","0 0","0 0","0 0","0 0","0 0","1 0","0 0","0 0","0 0","0 0","0 0","0 0","0 0","0 0","0 0","0 0","0 0","0 0","0 0",NA,NA,NA,"0 0","12 16.12","2 0","5 5.36","2 6.84","0 0","0 0","3 10.27","0 0","0 0","0 0","0 0","6 14.13","1 3.85","1 0","0 0","0 0","0 0","0 0","0 0","0 0","0 0","1 0","0 0","64 21.7","54 73.79","11 0","53 2.21","34 36.71","6 0",NA,NA,NA,NA,NA,NA,NA,NA,NA,NA,NA,NA,NA,NA,NA,NA,NA,NA,NA,NA,NA,NA,NA,NA,NA,NA,NA,NA,NA,NA,NA,NA,NA,NA,NA,NA,NA,0,0,0,0,0,0,3,10.27,0,0,12,16.12,0,0,0,0,0,0,0,0,5,5.36,2,6.84,64,21.7,54,73.79,0,0,1,0,53,2.21,34,36.71,0,0,0,0,0,0,0,0,1008,956,532,0,1867,2399,1126,837,233,0,725,958,610,3006,3060,222,0,745,967,186,0,577,763,548,13168,0,39159,52327,36442,0,0,5,5
"45","Sikar","Khandela","Dhani Guman Singh","1 0","0 0","0 0","0 0","0 0","0 0","0 0","0 0","0 0","0 0","0 0","0 0","0 0","0 0","0 0","0 0","0 0","0 0","0 0","0 0","0 0","0 0","0 0","0 0",NA,NA,NA,"0 0","2 1.82","0 0","5 0","7 39.47","2 0","1 0","2 4.61","0 0","0 0","0 0","0 0","0 0","0 0","0 0","0 0","0 0","0 0","0 0","0 0","0 0","0 0","0 0","1 0","10 0","15 45.9","5 0","3 0","4 0","2 0",NA,NA,NA,NA,NA,NA,NA,NA,NA,NA,NA,NA,NA,NA,NA,NA,NA,NA,NA,NA,NA,NA,NA,NA,NA,NA,NA,NA,NA,NA,NA,NA,NA,NA,NA,NA,NA,1,0,0,0,1,0,2,4.61,0,0,2,1.82,0,0,0,0,0,0,0,0,5,0,7,39.47,10,0,15,45.9,0,0,0,0,3,0,4,0,0,0,0,0,0,0,0,0,794,788,158,141,1141,1440,781,441,79,52,359,490,368,1698,1777,91,81,614,786,59,23,225,307,268,3374,1270,14041,18685,15775,1,1,16,18
"46","Chittorgarh","Begun","Suwaniya","0 0","2 0","0 0","0 0","0 0","0 0","0 0","0 0","0 0","0 0","0 0","0 0","0 0","0 0","0 0","0 0","0 0","0 0","0 0","0 0","0 0","0 0","0 0","0 0",NA,NA,NA,"0 0","0 0","1 0","4 3.82","7 5.99","3 0","0 0","1 0.98","0 0","0 0","0 0","0 0","0 0","0 0","0 0","0 0","0 0","0 0","0 0","0 0","0 0","0 0","0 0","0 0","50 11.8","54 10.23","6 0","46 7.99","44 3.27","2 0",NA,NA,NA,NA,NA,NA,NA,NA,NA,NA,NA,NA,NA,NA,NA,NA,NA,NA,NA,NA,NA,NA,NA,NA,NA,NA,NA,NA,NA,NA,NA,NA,NA,NA,NA,NA,NA,0,0,2,0,0,0,1,0.98,0,0,0,0,0,0,0,0,0,0,0,0,4,3.82,7,5.99,50,11.8,54,10.23,0,0,0,0,46,7.99,44,3.27,0,0,0,0,0,0,0,0,769,750,307,92,1705,2104,1078,571,119,54,830,1003,696,652,874,106,44,603,753,33,7,208,248,265,1122,295,7858,9275,6998,0,0,10,10
"47","Hanumangarh","Hanumangarh","Amarpura Thedi","0 0","1 0","0 0","0 0","0 0","0 0","0 0","0 0","0 0","0 0","0 0","0 0","0 0","0 0","0 0","0 0","0 0","0 0","0 0","0 0","0 0","0 0","0 0","0 0",NA,NA,NA,"0 0.36","11 16.71","8 0","0 0","0 0","3 0","0 0","0 0","0 0","1 3.23","1 2.79","0 0","0 0","2 0.94","0 0","0 0","0 0","0 0","0 0.79","12 73.57","0 0","0 0","4 0.09","3 0","29 10.34","69 97.46","26 0","28 5.97","38 3.37","12 0",NA,NA,NA,NA,NA,NA,NA,NA,NA,NA,NA,NA,NA,NA,NA,NA,NA,NA,NA,NA,NA,NA,NA,NA,NA,NA,NA,NA,NA,NA,NA,NA,NA,NA,NA,NA,NA,0,0,1,0,0,0,0,0,0,0.36,11,16.71,0,0,0,0,0,0,0,0,0,0,0,0,29,10.34,69,97.46,0,0,4,0.09,28,5.97,38,3.37,0,0.79,12,73.57,1,3.23,1,2.79,1038,1029,850,0,1301,2151,1025,778,394,0,560,954,663,4394,4502,412,0,627,1039,280,0,393,673,574,24190,0,32988,57178,48003,165,0,221,386
"48","Bharatpur","Kaman","Musepur","0 0","3 7.83","0 0","0 0","0 0","0 0","0 0","0 0","0 0","0 0","0 0","0 0","0 0","0 0","0 0","0 0","0 0","0 0","0 0","0 0","0 0","0 0","0 0","0 0",NA,NA,NA,"0 11.19","14 3.84","0 0","0 0.62","2 0","0 0","0 1.52","9 17.47","1 0","0 0","0 0","0 0","0 0","1 0.2","3 0","0 0","0 0","0 0","0 0","0 0","0 0","0 0","0 0","0 0","12 14.82","47 30.88","27 0","12 1.5","18 1.54","23 0",NA,NA,NA,NA,NA,NA,NA,NA,NA,NA,NA,NA,NA,NA,NA,NA,NA,NA,NA,NA,NA,NA,NA,NA,NA,NA,NA,NA,NA,NA,NA,NA,NA,NA,NA,NA,NA,0,0,3,7.83,0,1.52,9,17.47,0,11.19,14,3.84,0,0,0,0,0,0,0,0,0,0.62,2,0,12,14.82,47,30.88,0,0,0,0,12,1.5,18,1.54,0,0,0,0,0,0,0,0,1314,1269,146,0,1994,2140,1083,1105,121,0,1424,1545,870,712,887,76,0,1197,1273,28,0,255,283,220,1328,0,7841,9169,5485,0,0,0,0
"49","Jalore","Raniwara","Vandhar","1 0.07","2 1.65","0 0","0 0","0 0","0 0","0 0","0 0","0 0","0 0","0 0","0 0","0 0","0 0","0 0","0 0","0 0","0 0","0 0","0 0","0 0","0 0","0 0","0 0",NA,NA,NA,"2 0","3 10.86","0 0","2 0","10 53.67","1 0","0 0","3 0.63","0 0","0 0","0 0","0 0","0 0","0 0","0 0","0 0","0 0","0 0","0 0","0 0","0 0","1 0","2 0","1 0","24 10.13","30 67.66","5 0","18 10.06","10 0.86","3 0",NA,NA,NA,NA,NA,NA,NA,NA,NA,NA,NA,NA,NA,NA,NA,NA,NA,NA,NA,NA,NA,NA,NA,NA,NA,NA,NA,NA,NA,NA,NA,NA,NA,NA,NA,NA,NA,1,0.07,2,1.65,0,0,3,0.63,2,0,3,10.86,0,0,0,0,0,0,0,0,2,0,10,53.67,24,10.13,30,67.66,1,0,2,0,18,10.06,10,0.86,0,0,0,0,0,0,0,0,1119,1076,508,263,1731,2502,1287,850,252,201,809,1262,796,2419,2861,205,125,750,1080,126,99,442,667,628,7727,5197,19710,32634,25992,5,2,6,13
"50","Alwar","Tijara","Pullabas","0 0","1 0.28","0 0","0 0","0 0","0 0","0 0","0 0","0 0","0 0","0 0","0 0","0 0","0 0","0 0","0 0","0 0","0 0","0 0","0 0","0 0","0 0","0 0","0 0",NA,NA,NA,"0 0","7 16.83","1 0","7 3.21","4 7.74","7 0","0 0","0 0","0 0","0 0","0 0","0 0","0 0","0 0","0 0","0 0","0 0","0 0","0 0","0 0","0 0","0 0","3 0.04","1 0","10 3.74","21 25.64","9 0","3 0.53","6 0.76","0 0",NA,NA,NA,NA,NA,NA,NA,NA,NA,NA,NA,NA,NA,NA,NA,NA,NA,NA,NA,NA,NA,NA,NA,NA,NA,NA,NA,NA,NA,NA,NA,NA,NA,NA,NA,NA,NA,0,0,1,0.28,0,0,0,0,0,0,7,16.83,0,0,0,0,0,0,0,0,7,3.21,4,7.74,10,3.74,21,25.64,0,0,3,0.04,3,0.53,6,0.76,0,0,0,0,0,0,0,0,708,708,204,8,2153,2365,1142,475,84,4,957,1045,603,872,951,133,1,574,708,81,1,270,352,259,1828,23,4947,6798,4535,1,0,1,2
"51","Nagaur","Merta","Lamba Jatan","0 0","2 6.26","0 0","0 0","0 0","0 0","0 0","0 0","0 0","0 0","0 0","0 0","0 0","0 0","0 0","0 0","0 0","0 0","0 0","1 0","0 0","0 0","0 0","0 0",NA,NA,NA,"0 0","10 54.28","0 0","0 0","9 69.01","7 0","0 0","2 0.86","0 0","0 0","0 0","0 0","0 0","0 0","0 0","0 0","0 0","0 0","0 0","0 0","0 0","0 0","5 20.03","3 0","3 0.26","36 152.1","12 0","3 0.26","7 1.67","2 0",NA,NA,NA,NA,NA,NA,NA,NA,NA,NA,NA,NA,NA,NA,NA,NA,NA,NA,NA,NA,NA,NA,NA,NA,NA,NA,NA,NA,NA,NA,NA,NA,NA,NA,NA,NA,NA,0,0,2,6.26,0,0,2,0.86,0,0,10,54.28,0,0,0,0,0,0,1,0,0,0,9,69.01,3,0.26,36,152.1,0,0,5,20.03,3,0.26,7,1.67,0,0,0,0,0,0,0,0,1018,1018,836,0,1902,2738,1339,836,460,0,883,1343,762,3320,3853,320,0,698,1018,261,0,484,745,627,19874,0,36742,56616,37005,5,0,9,14
"52","Tonk","Tonk","Palda",NA,NA,NA,NA,NA,NA,NA,NA,NA,NA,NA,NA,NA,NA,NA,NA,NA,NA,NA,NA,NA,NA,NA,NA,NA,NA,NA,NA,NA,NA,NA,NA,NA,NA,NA,NA,NA,NA,NA,NA,NA,NA,NA,NA,NA,NA,NA,NA,NA,NA,NA,NA,NA,NA,NA,NA,NA,NA,NA,NA,NA,NA,NA,NA,NA,NA,NA,NA,NA,NA,NA,NA,NA,NA,NA,NA,NA,NA,NA,NA,NA,NA,NA,NA,NA,NA,NA,NA,NA,NA,NA,NA,NA,NA,NA,NA,NA,NA,NA,NA,NA,NA,NA,NA,NA,NA,NA,NA,NA,NA,NA,NA,NA,NA,NA,NA,NA,NA,NA,NA,NA,NA,NA,NA,NA,NA,NA,NA,NA,NA,NA,NA,NA,NA,NA,NA,NA,NA,NA,NA,NA,NA,NA,NA,NA,NA,NA,NA,NA,NA,NA,NA,NA,NA,NA,NA,NA,NA,NA,NA,NA,NA,NA,NA,NA,NA,NA,NA,NA,NA,NA
"53","Kota","Sangod","Kurad","0 0","4 0","0 0","0 0","0 0","0 0","0 0","0 0","0 0","0 0","0 0","0 0","0 0","2 0","0 0","0 0","0 0","0 0","0 0","0 0","0 0","0 0","0 0","0 0",NA,NA,NA,"0 0","11 15.26","6 0","0 0","7 21.28","1 0","0 0","2 2.52","0 0","0 0","1 0","0 0","0 0","0 0","0 0","0 0","0 0","0 0","1 1.29","0 0","0 0","2 13.51","4 0.09","2 0","44 19.08","51 39.28","16 0","41 4.28","20 0.14","7 0",NA,NA,NA,NA,NA,NA,NA,NA,NA,NA,NA,NA,NA,NA,NA,NA,NA,NA,NA,NA,NA,NA,NA,NA,NA,NA,NA,NA,NA,NA,NA,NA,NA,NA,NA,NA,NA,0,0,4,0,0,0,2,2.52,0,0,11,15.26,0,0,0,0,0,0,0,0,0,0,7,21.28,44,19.08,51,39.28,2,13.51,4,0.09,41,4.28,20,0.14,1,1.29,0,0,0,0,1,0,992,990,650,303,1061,2014,898,787,509,173,624,1306,655,1862,2936,326,147,518,991,232,68,257,557,515,12815,2951,12137,27903,15559,6,0,16,22
"54","Rajsamand","Rajsamand","Bhatoli","0 0","1 3.04","0 0","0 0","0 0","0 0","0 0","0 0","0 0","0 0","0 0","0 0","0 0","0 0","0 0","0 0","0 0","0 0","0 0","0 0","0 0","0 0","0 0","0 0",NA,NA,NA,"12 50.3","13 39.19","2 0","6 0.14","12 39.25","3 0","4 8.89","3 22.26","0 0","0 0","0 0","0 0","2 5.79","0 0","1 0","0 0","0 0","0 0","0 0","2 2.83","0 0","3 10.15","3 13.05","0 0","32 75.81","36 119.71","30 0","5 0.53","2 0.09","24 0",NA,NA,NA,NA,NA,NA,NA,NA,NA,NA,NA,NA,NA,NA,NA,NA,NA,NA,NA,NA,NA,NA,NA,NA,NA,NA,NA,NA,NA,NA,NA,NA,NA,NA,NA,NA,NA,0,0,1,3.04,4,8.89,3,22.26,12,50.3,13,39.19,0,0,0,0,0,0,0,0,6,0.14,12,39.25,32,75.81,36,119.71,3,10.15,3,13.05,5,0.53,2,0.09,0,0,2,2.83,0,0,0,0,1276,1268,423,281,1637,2341,1227,1113,303,184,1076,1563,1027,4359,4475,207,148,914,1269,184,118,613,915,783,12220,6998,36700,55918,46002,14,10,36,60
"55","Rajsamand","Railmagra","Gogathala","1 0.02","0 0","0 0","0 0","0 0","0 0","0 0","0 0","0 0","0 0","0 0","0 0","0 0","0 0","0 0","0 0","0 0","0 0","0 0","0 0","0 0","0 0","0 0","0 0",NA,NA,NA,"1 0.02","6 12.2","3 0","0 0","6 23.55","6 0","1 0.02","0 0","4 0","0 0","0 0","0 0","0 0","3 10.51","0 0","0 0","0 0","0 0","0 0","0 0","1 0","0 0","3 0","5 0","11 1","24 47","20 0","8 0.93","6 0.74","1 0",NA,NA,NA,NA,NA,NA,NA,NA,NA,NA,NA,NA,NA,NA,NA,NA,NA,NA,NA,NA,NA,NA,NA,NA,NA,NA,NA,NA,NA,NA,NA,NA,NA,NA,NA,NA,NA,1,0.02,0,0,1,0.02,0,0,1,0.02,6,12.2,0,0,0,0,0,0,0,0,0,0,6,23.55,11,1,24,47,0,0,3,0,8,0.93,6,0.74,0,0,0,0,0,0,0,0,722,715,143,195,1105,1443,722,530,81,107,497,685,466,1800,1961,71,94,551,716,44,79,243,366,335,2315,4730,13619,20664,16354,3,9,27,39
"56","Nagaur","Nagaur","Amarpura","0 0","5 8.5","1 0","0 0","0 0","0 0","0 0","0 0","0 0","0 0","0 0","0 0","0 0","0 0","0 0","0 0","0 0","0 0","0 0","0 0","1 0","0 0","0 0","0 0",NA,NA,NA,"0 0","16 125.66","0 0","0 0","0 0","5 0","2 0.25","7 22.54","0 0","0 0","0 0","0 0","0 0","0 0","0 0","0 0","0 0","0 0","0 0","0 0","0 0","0 0","3 0","4 0","16 1.54","80 258.09","25 0","14 1.29","49 101.39","14 0",NA,NA,NA,NA,NA,NA,NA,NA,NA,NA,NA,NA,NA,NA,NA,NA,NA,NA,NA,NA,NA,NA,NA,NA,NA,NA,NA,NA,NA,NA,NA,NA,NA,NA,NA,NA,NA,0,0,5,8.5,2,0.25,7,22.54,0,0,16,125.66,0,0,0,0,0,0,0,0,0,0,0,0,16,1.54,80,258.09,0,0,3,0,14,1.29,49,101.39,0,0,0,0,0,0,0,0,1326,1290,894,0,3197,4091,1881,1200,638,0,2048,2686,1422,3306,4507,348,0,948,1296,280,0,673,953,898,16474,0,41418,57892,36410,1,0,21,22
"57","Pali","Raipur","Pipaliyakalan","0 0","2 4.15","0 0","0 0","0 0","0 0","0 0","0 0","0 0","0 0","0 0","0 0","0 0","0 0","0 0","0 0","0 0","0 0","0 0","0 0","0 0","0 0","1 0","0 0",NA,NA,NA,"0 0","35 14.79","0 0","0 0","8 30.64","0 0","0 0","0 0","0 0","0 0","0 0","0 0","0 0","1 0","0 0","0 0","0 0","0 0","0 0","0 0","0 0","1 0","1 0","0 0","3 0.28","63 50.36","1 0","2 0.28","15 0.78","1 0",NA,NA,NA,NA,NA,NA,NA,NA,NA,NA,NA,NA,NA,NA,NA,NA,NA,NA,NA,NA,NA,NA,NA,NA,NA,NA,NA,NA,NA,NA,NA,NA,NA,NA,NA,NA,NA,0,0,2,4.15,0,0,0,0,0,0,35,14.79,0,0,0,0,0,0,0,0,0,0,8,30.64,3,0.28,63,50.36,1,0,1,0,2,0.28,15,0.78,0,0,0,0,0,0,0,0,1569,1492,1725,2,1760,3487,1935,911,672,0,449,1121,789,3036,3434,734,0,729,1463,335,0,191,526,509,19238,0,8304,27542,22358,28,0,4,32
"58","Bharatpur","Bayana","Pilidang","0 0","1 3.16","0 0","0 0","0 0","0 0","0 0","0 0","0 0","0 0","1 0","0 0","0 0","0 0","0 0","0 0","0 0","0 0","0 0","0 0","0 0","0 0","0 0","0 0",NA,NA,NA,"0 0","5 0.67","1 0","2 0.85","8 13.36","1 0","0 0","1 0","0 0","0 0","0 0","0 0","0 0","2 0.09","0 0","0 0","0 0","0 0","0 0","0 0","0 0","0 0","1 0.12","0 0","2 0.85","32 18.34","2 0","0 0","13 0.94","0 0",NA,NA,NA,NA,NA,NA,NA,NA,NA,NA,NA,NA,NA,NA,NA,NA,NA,NA,NA,NA,NA,NA,NA,NA,NA,NA,NA,NA,NA,NA,NA,NA,NA,NA,NA,NA,NA,0,0,1,3.16,0,0,1,0,0,0,5,0.67,0,0,0,0,0,0,0,0,2,0.85,8,13.36,2,0.85,32,18.34,0,0,1,0.12,0,0,13,0.94,0,0,0,0,0,0,0,0,798,798,613,0,1647,2260,1021,587,200,0,405,605,440,790,846,182,0,616,798,119,0,250,369,338,3986,0,7068,11054,9505,1,0,0,1
"59","Churu","Sujangarh","Norangsar","0 0","4 3.35","0 0","0 0","0 0","0 0","0 0","0 0","0 0","0 0","0 0","0 0","0 0","0 0","0 0","0 0","0 0","0 0","0 0","0 0","2 0","0 0","0 0","0 0",NA,NA,NA,"0 0","5 9.81","1 0","0 0.2","2 19.66","3 0","0 0.06","2 13.97","1 0","0 0","1 0","0 0","0 0","10 23.41","2 0","0 0","0 0","0 0","0 0","0 0","0 0","0 0","5 3.64","1 0","3 0.6","37 75.21","43 0","3 0.34","8 1.37","33 0",NA,NA,NA,NA,NA,NA,NA,NA,NA,NA,NA,NA,NA,NA,NA,NA,NA,NA,NA,NA,NA,NA,NA,NA,NA,NA,NA,NA,NA,NA,NA,NA,NA,NA,NA,NA,NA,0,0,4,3.35,0,0.06,2,13.97,0,0,5,9.81,0,0,0,0,0,0,0,0,0,0.2,2,19.66,3,0.6,37,75.21,0,0,5,3.64,3,0.34,8,1.37,0,0,0,0,0,0,1,0,994,975,518,5,1821,2344,1108,749,256,2,788,1046,593,2846,3214,212,2,763,977,164,2,420,586,485,10214,123,25183,35520,24722,22,0,46,68
"60","Karauli","Todabhim","Bhajeda","1 0","1 0.4","1 0","0 0","0 0","0 0","0 0","0 0","0 0","0 0","0 0","0 0","0 0","0 0","0 0","0 0","0 0","0 0","0 0","0 0","0 0","0 0","0 0","0 0",NA,NA,NA,"1 0","0 0","6 0","2 0.97","4 0","0 0","0 0","0 0","0 0","0 0","0 0","0 0","0 0","0 0","0 0","0 0","0 0","0 0","0 0","0 0","0 0","0 0","0 0","0 0","6 1.11","41 0.4","7 0","2 0.14","36 0","0 0",NA,NA,NA,NA,NA,NA,NA,NA,NA,NA,NA,NA,NA,NA,NA,NA,NA,NA,NA,NA,NA,NA,NA,NA,NA,NA,NA,NA,NA,NA,NA,NA,NA,NA,NA,NA,NA,1,0,1,0.4,0,0,0,0,1,0,0,0,0,0,0,0,0,0,0,0,2,0.97,4,0,6,1.11,41,0.4,0,0,0,0,2,0.14,36,0,0,0,0,0,0,0,0,0,684,634,532,472,474,1478,736,247,130,55,57,242,182,88,98,233,208,201,642,23,11,11,45,39,380,192,211,783,567,0,0,0,0
"61","Nagaur","Deedwana","Aanguta","0 14.9","4 7.62","1 0","0 0","0 0","0 0","0 0","0 0","0 0","0 0","0 0","0 0","0 0","0 0","0 0","0 0","0 0","0 0","0 0","0 0","1 0","0 0","0 0","0 0",NA,NA,NA,"0 9.21","4 20.81","2 0","6 7.04","3 21.09","1 0","0 0","0 0","0 0","0 0","0 0","0 0","0 5.34","1 0","0 0","0 0","0 0","0 0","0 0","0 0","0 0","1 0","3 0.63","1 0","26 54.03","30 53.65","8 0","19 17.54","15 3.49","2 0",NA,NA,NA,NA,NA,NA,NA,NA,NA,NA,NA,NA,NA,NA,NA,NA,NA,NA,NA,NA,NA,NA,NA,NA,NA,NA,NA,NA,NA,NA,NA,NA,NA,NA,NA,NA,NA,0,14.9,4,7.62,0,0,0,0,0,9.21,4,20.81,0,0,0,0,0,0,0,0,6,7.04,3,21.09,26,54.03,30,53.65,1,0,3,0.63,19,17.54,15,3.49,0,0,0,0,0,0,0,0,1119,1118,585,3,1942,2530,1146,1007,469,3,1463,1935,903,2206,2921,280,2,839,1121,191,2,495,688,547,9355,25,21911,31291,19491,0,0,0,0
"62","Dungarpur","Aspur","Khalil","0 0","1 0","1 0","0 0","0 0","0 0","0 0","0 0","0 0","0 0","0 0","0 0","0 0","0 0","0 0","0 0","0 0","0 0","2 0.38","1 0","15 0","0 0","0 0","0 0",NA,NA,NA,"8 14.4","26 110.92","5 0","9 3.98","18 20.51","10 0","1 0.54","0 0","0 0","0 0","0 0","0 0","0 0","1 0","0 0","0 0","0 0","0 0","0 0","1 0","0 0","0 0","2 0","1 0","49 24.42","102 135.23","38 0","29 5.12","52 3.8","6 0",NA,NA,NA,NA,NA,NA,NA,NA,NA,NA,NA,NA,NA,NA,NA,NA,NA,NA,NA,NA,NA,NA,NA,NA,NA,NA,NA,NA,NA,NA,NA,NA,NA,NA,NA,NA,NA,0,0,1,0,1,0.54,0,0,8,14.4,26,110.92,0,0,0,0,2,0.38,1,0,9,3.98,18,20.51,49,24.42,102,135.23,0,0,2,0,29,5.12,52,3.8,0,0,1,0,0,0,0,0,994,980,256,1931,1034,3221,1684,896,206,1575,801,2582,1427,3889,4181,119,386,477,982,102,306,349,757,711,6702,18178,18415,43295,34246,17,29,12,58
"63","Udaipur","Mawali","Vijanwas","0 0","0 0","0 0","0 0","0 0","0 0","0 0","0 0","0 0","0 0","0 0","0 0","0 0","0 0","0 0","0 0","0 0","0 0","0 0","0 0","0 0","0 0","0 0","0 0",NA,NA,NA,"0 0","4 15.87","0 0","0 0.16","1 0","3 0","0 0","0 0","1 0","0 0","0 0","0 0","0 0","0 0","0 0","0 0","0 0","0 0","0 0","0 0","0 0","1 0","0 0","1 0","27 3.72","18 16.37","13 0","26 3.57","13 0.5","8 0",NA,NA,NA,NA,NA,NA,NA,NA,NA,NA,NA,NA,NA,NA,NA,NA,NA,NA,NA,NA,NA,NA,NA,NA,NA,NA,NA,NA,NA,NA,NA,NA,NA,NA,NA,NA,NA,0,0,0,0,0,0,0,0,0,0,4,15.87,0,0,0,0,0,0,0,0,0,0.16,1,0,27,3.72,18,16.37,1,0,0,0,26,3.57,13,0.5,0,0,0,0,0,0,0,0,684,660,113,721,543,1377,779,376,49,266,109,424,352,1078,1127,61,337,275,673,21,124,49,194,186,1416,6977,2625,11018,9772,0,14,2,16
"64","Dungarpur","Bichiwara","Modar","0 0","0 0","0 0","0 0","0 0","0 0","0 0","0 0","0 0","0 0","0 0","0 0","0 0","0 0","0 0","0 0","0 0","0 0","0 0","1 0","0 0","0 0","0 0","0 0",NA,NA,NA,"2 3.76","6 9.35","2 0","0 0","51 46.89","14 0","0 0","3 0","1 0","0 0","0 0","0 0","0 0","0 0","0 0","0 0","0 0","0 0","0 0","0 0","0 0","0 0","1 0","1 0","104 6.79","106 58.21","31 0","102 3.03","44 1.97","13 0",NA,NA,NA,NA,NA,NA,NA,NA,NA,NA,NA,NA,NA,NA,NA,NA,NA,NA,NA,NA,NA,NA,NA,NA,NA,NA,NA,NA,NA,NA,NA,NA,NA,NA,NA,NA,NA,0,0,0,0,0,0,3,0,2,3.76,6,9.35,0,0,0,0,0,0,1,0,0,0,51,46.89,104,6.79,106,58.21,0,0,1,0,102,3.03,44,1.97,0,0,0,0,0,0,0,0,1308,1251,2,3558,63,3623,1818,1086,2,2657,38,2697,1392,3343,4127,1,1229,27,1257,1,721,11,733,638,70,29254,550,29874,20224,0,3,0,3
"65","Udaipur","Kotda","Jogiwar","0 0","1 3.2","0 0","0 0","0 0","0 0","0 0","0 0","0 0","0 0","0 0","0 0","0 0","0 0","0 0","0 0","0 0","0 0","0 0","0 0","0 0","0 0","0 0","0 0",NA,NA,NA,"3 3.83","2 1.94","0 0","5 4.87","29 28.86","8 0","0 0","0 0","0 0","0 0","0 0","0 0","0 0","0 0","0 0","0 0","0 0","0 0","0 0","0 0","0 0","0 0","1 0.04","1 0","27 10.82","232 37.12","85 0","19 2.12","199 3.07","76 0",NA,NA,NA,NA,NA,NA,NA,NA,NA,NA,NA,NA,NA,NA,NA,NA,NA,NA,NA,NA,NA,NA,NA,NA,NA,NA,NA,NA,NA,NA,NA,NA,NA,NA,NA,NA,NA,0,0,1,3.2,0,0,0,0,3,3.83,2,1.94,0,0,0,0,0,0,0,0,5,4.87,29,28.86,27,10.82,232,37.12,0,0,1,0.04,19,2.12,199,3.07,0,0,0,0,0,0,0,0,1155,1102,2,6071,351,6424,3247,790,0,3222,166,3388,1621,1999,2319,1,1113,41,1155,0,531,15,546,313,0,17770,616,18386,7847,0,4,0,4
"66","Udaipur","Salumber","Dharod","0 0","4 0","3 0","0 0","0 0","0 0","0 0","0 0","0 0","0 0","0 0","0 0","0 0","0 0","0 0","0 0","0 0","0 0","0 0","0 0","1 0","0 0","0 0","0 0",NA,NA,NA,"0 0","7 16.11","1 0","2 5.63","6 1.73","6 0","0 0","2 7.28","0 0","0 0","0 0","0 0","0 0","0 0","3 0","0 0","0 0","0 0","0 0","1 1.68","1 0","0 0","0 0","0 0","81 22.4","46 30.95","77 0","79 16.77","26 4.14","62 0",NA,NA,NA,NA,NA,NA,NA,NA,NA,NA,NA,NA,NA,NA,NA,NA,NA,NA,NA,NA,NA,NA,NA,NA,NA,NA,NA,NA,NA,NA,NA,NA,NA,NA,NA,NA,NA,0,0,4,0,0,0,2,7.28,0,0,7,16.11,0,0,0,0,0,0,0,0,2,5.63,6,1.73,81,22.4,46,30.95,0,0,0,0,79,16.77,26,4.14,0,0,1,1.68,0,0,0,0,997,935,38,978,1245,2261,1094,743,16,568,551,1135,625,1576,1939,17,419,560,996,3,230,179,412,361,161,13455,10024,23640,14324,0,10,2,12
"67","Chittorgarh","Begun","Katunda","0 0","2 0","4 0","0 0","0 0","0 0","0 0","0 0","0 0","0 0","0 0","0 0","0 0","0 0","0 0","0 0","0 0","0 0","0 0","0 0","0 0","0 0","0 0","0 0",NA,NA,NA,"0 0","3 1.97","0 0","2 0.34","8 14.21","5 0","0 0","1 2.23","0 0","0 0","0 0","0 0","0 0","0 0","0 0","0 0","0 0","0 0","0 0","0 0","0 0","0 0","2 0","3 0","10 0.87","24 18.45","21 0","8 0.53","8 0.03","9 0",NA,NA,NA,NA,NA,NA,NA,NA,NA,NA,NA,NA,NA,NA,NA,NA,NA,NA,NA,NA,NA,NA,NA,NA,NA,NA,NA,NA,NA,NA,NA,NA,NA,NA,NA,NA,NA,0,0,2,0,0,0,1,2.23,0,0,3,1.97,0,0,0,0,0,0,0,0,2,0.34,8,14.21,10,0.87,24,18.45,0,0,2,0,8,0.53,8,0.03,0,0,0,0,0,0,0,0,857,798,227,20,2016,2263,1111,596,115,8,878,1001,574,916,1146,67,6,587,660,33,3,205,241,222,1241,26,7429,8696,6426,2,0,15,17
"68","Chittorgarh","Bhadesar","Leswa","0 0","0 0","0 0","0 0","0 0","0 0","0 0","0 0","0 0","0 0","0 0","0 0","0 0","0 0","0 0","0 0","0 0","0 0","0 0","0 0","0 0","0 0","0 0","0 0",NA,NA,NA,"0 3.76","4 2.63","13 0","5 32.94","3 5.6","4 0","0 0","1 0","12 0","0 0","0 0","0 0","1 0.26","0 0","0 0","0 0","0 0","0 0","0 0","0 0","0 0","0 0","0 0","0 0","31 41.27","59 19.02","33 0","25 4.3","51 10.79","4 0",NA,NA,NA,NA,NA,NA,NA,NA,NA,NA,NA,NA,NA,NA,NA,NA,NA,NA,NA,NA,NA,NA,NA,NA,NA,NA,NA,NA,NA,NA,NA,NA,NA,NA,NA,NA,NA,0,0,0,0,0,0,1,0,0,3.76,4,2.63,0,0,0,0,0,0,0,0,5,32.94,3,5.6,31,41.27,59,19.02,0,0,0,0,25,4.3,51,10.79,0,0,0,0,0,0,0,0,1245,1207,330,429,1794,2553,1259,1018,205,216,1192,1613,882,2422,3032,137,194,807,1138,77,119,356,552,467,3665,6136,16955,26756,18374,2,2,17,21
"69","Churu","Sujangarh","Khuddi","0 0","2 10.78","0 0","0 0","0 0","0 0","0 0","0 0","0 0","0 0","0 0","0 0","0 0","0 0","1 0","0 0","0 0","0 0","0 0","0 0","0 0","0 0","0 0","0 0",NA,NA,NA,"0 0","13 44.07","5 0","5 3.5","16 43.54","0 0","0 0","4 0","0 0","0 0","6 28.31","0 0","0 0","8 18.84","12 0","0 0","0 0","0 0","0 0","0 0","0 0","1 0","6 5.69","2 0","21 5.4","252 263.73","43 0","15 1.9","197 112.5","23 0",NA,NA,NA,NA,NA,NA,NA,NA,NA,NA,NA,NA,NA,NA,NA,NA,NA,NA,NA,NA,NA,NA,NA,NA,NA,NA,NA,NA,NA,NA,NA,NA,NA,NA,NA,NA,NA,0,0,2,10.78,0,0,4,0,0,0,13,44.07,0,0,0,0,0,0,0,0,5,3.5,16,43.54,21,5.4,252,263.73,1,0,6,5.69,15,1.9,197,112.5,0,0,0,0,0,0,6,28.31,1415,1353,636,49,2799,3484,1611,1207,432,30,1606,2068,1096,2906,3666,267,18,1089,1374,207,12,706,925,785,14242,845,43462,58549,36174,28,2,131,161
"70","Jhunjhunu","Chirawa","Bhamarwasi","0 0","0 0","0 0","0 0","0 0","0 0","0 0","0 0","0 0","0 0","0 0","0 0","0 0","0 0","0 0","0 0","0 0","0 0","1 0.18","0 0","6 0","0 0","0 0","1 0",NA,NA,NA,"0 0","2 6.17","0 0","0 0","4 7.8","2 0","0 0","0 0","0 0","0 0","0 0","0 0","1 0.04","0 0","2 0","0 0","0 0","0 0","0 0","0 0","0 0","2 0.29","3 0.27","2 0","4 0.5","15 15.12","28 0","0 0","6 0.88","15 0",NA,NA,NA,NA,NA,NA,NA,NA,NA,NA,NA,NA,NA,NA,NA,NA,NA,NA,NA,NA,NA,NA,NA,NA,NA,NA,NA,NA,NA,NA,NA,NA,NA,NA,NA,NA,NA,0,0,0,0,0,0,0,0,0,0,2,6.17,0,0,0,0,1,0.18,0,0,0,0,4,7.8,4,0.5,15,15.12,2,0.29,3,0.27,0,0,6,0.88,0,0,0,0,0,0,0,0,488,447,241,12,510,763,318,236,103,0,124,227,122,795,811,149,6,333,488,73,0,55,128,93,5046,0,3170,8216,6371,10,0,10,20
"71","Churu","Churu","Kotwav Tal","0 0","0 0","2 0","0 0","0 0","0 0","0 0","0 0","0 0","0 0","0 0","0 0","0 0","0 0","0 0","0 0","0 0","0 0","0 0","0 0","1 0","0 0","0 0","1 0",NA,NA,NA,"0 0","6 18.81","11 0","0 0","9 17.93","5 0","0 0","0 0","0 0","0 0","0 0","0 0","0 0","6 7.14","1 0","0 0","0 0","0 0","0 0","0 0","0 0","0 0","2 0.09","2 0","0 0","53 59.33","52 0","0 0","30 15.36","29 0",NA,NA,NA,NA,NA,NA,NA,NA,NA,NA,NA,NA,NA,NA,NA,NA,NA,NA,NA,NA,NA,NA,NA,NA,NA,NA,NA,NA,NA,NA,NA,NA,NA,NA,NA,NA,NA,0,0,0,0,0,0,0,0,0,0,6,18.81,0,0,0,0,0,0,0,0,0,0,9,17.93,0,0,53,59.33,0,0,2,0.09,0,0,30,15.36,0,0,0,0,0,0,0,0,958,927,435,1,1464,1900,899,759,325,0,880,1205,558,994,1445,221,0,713,934,85,0,128,213,171,4087,0,4729,8816,4369,0,0,0,0
"72","Jodhpur","Bhopalgarh","Basni Harisingh","1 0","0 0","0 0","0 0","0 0","0 0","0 0","0 0","0 0","0 0","0 0","0 0","0 0","0 0","0 0","0 0","0 0","0 0","0 0","0 0","0 0","0 0","0 0","0 0",NA,NA,NA,"1 0","1 1.52","2 0","1 0.28","13 36.26","4 0","1 0","1 0","0 0","0 0","0 0","0 0","0 0","0 0","0 0","0 0","0 0","0 0","0 0","0 0","0 0","0 0","0 0","1 0","26 5.41","32 50.38","9 0","22 5.13","17 12.6","2 0",NA,NA,NA,NA,NA,NA,NA,NA,NA,NA,NA,NA,NA,NA,NA,NA,NA,NA,NA,NA,NA,NA,NA,NA,NA,NA,NA,NA,NA,NA,NA,NA,NA,NA,NA,NA,NA,1,0,0,0,1,0,1,0,1,0,1,1.52,0,0,0,0,0,0,0,0,1,0.28,13,36.26,26,5.41,32,50.38,0,0,0,0,22,5.13,17,12.6,0,0,0,0,0,0,0,0,1883,1766,871,19,2906,3796,1912,1366,468,6,1459,1933,1193,2928,3193,428,5,1363,1796,204,3,566,773,695,12135,257,30292,42684,35730,3,0,0,3
"73","Jhunjhunu","Khetri","Mandri","0 0","1 0.16","0 0","0 0","0 0","0 0","0 0","0 0","0 0","0 0","0 0","0 0","0 0","0 0","0 0","0 0","0 0","0 0","0 0","0 0","0 0","0 0","0 0","0 0",NA,NA,NA,"0 0","4 0","1 0","0 0","1 0","1 0","0 0","3 6.25","1 0","0 0","0 0","0 0","1 0.22","8 4.51","0 0","0 0","0 0","0 0","0 0","0 0","0 0","0 0","0 0","2 0","1 0.22","43 18.12","15 0","0 0","26 7.19","10 0",NA,NA,NA,NA,NA,NA,NA,NA,NA,NA,NA,NA,NA,NA,NA,NA,NA,NA,NA,NA,NA,NA,NA,NA,NA,NA,NA,NA,NA,NA,NA,NA,NA,NA,NA,NA,NA,0,0,1,0.16,0,0,3,6.25,0,0,4,0,0,0,0,0,0,0,0,0,0,0,1,0,1,0.22,43,18.12,0,0,0,0,0,0,26,7.19,0,0,0,0,0,0,0,0,415,401,198,33,439,670,246,334,122,12,263,397,143,535,590,122,21,272,415,61,4,73,138,77,2771,271,3380,6422,3536,1,0,1,2
"74","Udaipur","Bhinder","Loonanda",NA,NA,NA,NA,NA,NA,NA,NA,NA,NA,NA,NA,NA,NA,NA,NA,NA,NA,NA,NA,NA,NA,NA,NA,NA,NA,NA,NA,NA,NA,NA,NA,NA,NA,NA,NA,NA,NA,NA,NA,NA,NA,NA,NA,NA,NA,NA,NA,NA,NA,NA,NA,NA,NA,NA,NA,NA,NA,NA,NA,NA,NA,NA,NA,NA,NA,NA,NA,NA,NA,NA,NA,NA,NA,NA,NA,NA,NA,NA,NA,NA,NA,NA,NA,NA,NA,NA,NA,NA,NA,NA,NA,NA,NA,NA,NA,NA,NA,NA,NA,NA,NA,NA,NA,NA,NA,NA,NA,NA,NA,NA,NA,NA,NA,NA,NA,NA,NA,NA,NA,NA,NA,NA,NA,NA,NA,NA,NA,NA,NA,NA,NA,NA,NA,NA,NA,NA,NA,NA,NA,NA,NA,NA,NA,NA,NA,NA,NA,NA,NA,NA,NA,NA,NA,NA,NA,NA,NA,NA,NA,NA,NA,NA,NA,NA,NA,NA,NA,NA,NA,NA
"75","Chittorgarh","Gangrar","Kunwaliya","0 0","0 0","1 0","0 0","0 0","0 0","0 0","0 0","0 0","0 0","0 0","0 0","0 0","0 0","0 0","0 0","0 0","0 0","0 0","0 0","0 0","0 0","0 0","0 0",NA,NA,NA,"3 36.09","20 45.94","8 0","11 26.44","20 82.69","1 0","0 0","1 1.27","0 0","0 0","4 10.84","0 0","0 0","0 0","0 0","0 0","0 0","0 0","0 0","1 4.91","0 0","0 0","2 0","1 0","34 65.56","106 151.67","30 0","20 3.04","58 6.03","19 0",NA,NA,NA,NA,NA,NA,NA,NA,NA,NA,NA,NA,NA,NA,NA,NA,NA,NA,NA,NA,NA,NA,NA,NA,NA,NA,NA,NA,NA,NA,NA,NA,NA,NA,NA,NA,NA,0,0,0,0,0,0,1,1.27,3,36.09,20,45.94,0,0,0,0,0,0,0,0,11,26.44,20,82.69,34,65.56,106,151.67,0,0,2,0,20,3.04,58,6.03,0,0,1,4.91,0,0,4,10.84,1471,1426,492,200,2117,2809,1414,1196,345,124,1409,1878,988,4505,5954,254,92,1002,1348,196,60,730,986,815,11466,2755,45719,59940,34787,11,0,35,46
"76","Jhunjhunu","Khetri","Nanoowali Baori","0 0","0 0","0 0","0 0","0 0","0 0","0 0","0 0","0 0","0 0","0 0","0 0","0 0","0 0","0 0","0 0","0 0","0 0","0 0","0 0","0 0","0 0","0 0","0 0",NA,NA,NA,"0 0","0 0","0 0","3 4.38","5 25.58","5 0","0 0","0 0","0 0","0 0","0 0","0 0","0 0","1 0.98","1 0","0 0","0 0","0 0","0 0","0 0","0 0","0 0","2 0.13","0 0","5 5.16","20 34.35","10 0","2 0.78","12 7.66","4 0",NA,NA,NA,NA,NA,NA,NA,NA,NA,NA,NA,NA,NA,NA,NA,NA,NA,NA,NA,NA,NA,NA,NA,NA,NA,NA,NA,NA,NA,NA,NA,NA,NA,NA,NA,NA,NA,0,0,0,0,0,0,0,0,0,0,0,0,0,0,0,0,0,0,0,0,3,4.38,5,25.58,5,5.16,20,34.35,0,0,2,0.13,2,0.78,12,7.66,0,0,0,0,0,0,0,0,567,521,22,3,1045,1070,357,392,11,0,466,477,144,1389,1507,11,1,556,568,7,0,210,217,94,436,0,15458,15894,5298,1,0,69,70
"77","Bhilwara","Asind","Tiloli","0 0","2 4.04","0 0","0 0","0 0","0 0","0 0","0 0","0 0","0 0","0 0","0 0","1 0","0 0","0 0","0 0","0 0","0 0","0 0","0 0","1 0","0 0","0 0","0 0",NA,NA,NA,"12 11.28","54 71.13","1 0","5 0.1","22 72.54","4 0","4 0.2","4 7.69","0 0","0 0","2 0","0 0","0 0","0 0","0 0","0 0","0 0","0 0","2 0.21","8 15.56","0 0","0 0","12 63.79","1 0","69 18.77","113 235.76","55 0","45 6.99","9 1","48 0",NA,NA,NA,NA,NA,NA,NA,NA,NA,NA,NA,NA,NA,NA,NA,NA,NA,NA,NA,NA,NA,NA,NA,NA,NA,NA,NA,NA,NA,NA,NA,NA,NA,NA,NA,NA,NA,0,0,2,4.04,4,0.2,4,7.69,12,11.28,54,71.13,0,0,0,0,0,0,0,0,5,0.1,22,72.54,69,18.77,113,235.76,0,0,12,63.79,45,6.99,9,1,2,0.21,8,15.56,0,0,2,0,1780,1780,1057,163,2455,3675,1891,1609,622,94,1434,2150,1509,9106,9424,514,82,1149,1745,415,74,943,1432,1342,29642,5795,72694,108131,95806,40,10,120,170
"78","Jodhpur","Shergarh","Sai","0 0","0 0","2 0","0 0","0 0","0 0","0 0","0 0","0 0","0 0","0 0","0 0","0 0","0 0","0 0","0 0","0 0","0 0","0 0","0 0","0 0","0 0","0 0","0 0",NA,NA,NA,"0 0","8 2.77","2 0","0 0","4 2.29","3 0","0 0","0 0","0 0","0 0","0 0","0 0","0 0","0 0","0 0","0 0","0 0","0 0","0 0","0 0","0 0","0 0","2 0.32","1 0","15 1.99","90 11.37","16 0","15 1.99","76 5.99","8 0",NA,NA,NA,NA,NA,NA,NA,NA,NA,NA,NA,NA,NA,NA,NA,NA,NA,NA,NA,NA,NA,NA,NA,NA,NA,NA,NA,NA,NA,NA,NA,NA,NA,NA,NA,NA,NA,0,0,0,0,0,0,0,0,0,0,8,2.77,0,0,0,0,0,0,0,0,0,0,4,2.29,15,1.99,90,11.37,0,0,2,0.32,15,1.99,76,5.99,0,0,0,0,0,0,0,0,996,931,852,390,2489,3731,1916,859,542,278,1697,2517,1516,382,545,136,142,661,939,14,12,91,117,104,573,376,4643,5592,3406,0,0,7,7
"79","Bharatpur","Bayana","Dehgaon","0 0","0 0","0 0","0 0","0 0","0 0","0 0","0 0","0 0","0 0","0 0","0 0","0 0","0 0","0 0","0 0","0 0","0 0","0 0","0 0","0 0","0 0","0 0","0 0",NA,NA,NA,"0 0","2 3.31","0 0","0 0","1 0","0 0","0 0","5 2.72","0 0","0 0","0 0","0 0","0 0","1 0.03","3 0","0 0","0 0","0 0","0 0","0 0","0 0","0 0","1 0.06","0 0","0 0","32 6.16","5 0","0 0","22 0.04","2 0",NA,NA,NA,NA,NA,NA,NA,NA,NA,NA,NA,NA,NA,NA,NA,NA,NA,NA,NA,NA,NA,NA,NA,NA,NA,NA,NA,NA,NA,NA,NA,NA,NA,NA,NA,NA,NA,0,0,0,0,0,0,5,2.72,0,0,2,3.31,0,0,0,0,0,0,0,0,0,0,1,0,0,0,32,6.16,0,0,1,0.06,0,0,22,0.04,0,0,0,0,0,0,0,0,811,811,603,38,1080,1721,766,544,283,12,374,669,412,532,565,283,20,510,813,80,7,132,219,166,1245,125,2200,3570,2532,0,0,1,1
"80","Jaipur","Dudu","Gehlota",NA,NA,NA,NA,NA,NA,NA,NA,NA,NA,NA,NA,NA,NA,NA,NA,NA,NA,NA,NA,NA,NA,NA,NA,NA,NA,NA,NA,NA,NA,NA,NA,NA,NA,NA,NA,NA,NA,NA,NA,NA,NA,NA,NA,NA,NA,NA,NA,NA,NA,NA,NA,NA,NA,NA,NA,NA,NA,NA,NA,NA,NA,NA,NA,NA,NA,NA,NA,NA,NA,NA,NA,NA,NA,NA,NA,NA,NA,NA,NA,NA,NA,NA,NA,NA,NA,NA,NA,NA,NA,NA,NA,NA,NA,NA,NA,NA,NA,NA,NA,NA,NA,NA,NA,NA,NA,NA,NA,NA,NA,NA,NA,NA,NA,NA,NA,NA,NA,NA,NA,NA,NA,NA,NA,NA,NA,NA,NA,NA,NA,NA,NA,NA,NA,NA,NA,NA,NA,NA,NA,NA,NA,NA,NA,NA,NA,NA,NA,NA,NA,NA,NA,NA,NA,NA,NA,NA,NA,NA,NA,NA,NA,NA,NA,NA,NA,NA,NA,NA,NA,NA
"81","Udaipur","Gogunda","Jaswantgarh","2 13.92","3 3.53","0 0","0 0","0 0","0 0","0 0","0 0","0 0","0 0","0 0","0 0","0 0","1 0","0 0","0 0","0 0","0 0","0 0","0 0","0 0","0 0","0 0","0 0",NA,NA,NA,"0 0","4 0","1 0","2 0.57","24 30.38","3 0","0 0","0 0","0 0","0 0","0 0","0 0","1 0.57","1 1.91","1 0","0 0","0 0","0 0","0 0","0 0","0 0","1 0","7 32.92","0 0","17 23.9","133 71.3","68 0","11 8.84","93 2.55","63 0",NA,NA,NA,NA,NA,NA,NA,NA,NA,NA,NA,NA,NA,NA,NA,NA,NA,NA,NA,NA,NA,NA,NA,NA,NA,NA,NA,NA,NA,NA,NA,NA,NA,NA,NA,NA,NA,2,13.92,3,3.53,0,0,0,0,0,0,4,0,0,0,0,0,0,0,0,0,2,0.57,24,30.38,17,23.9,133,71.3,1,0,7,32.92,11,8.84,93,2.55,0,0,0,0,0,0,0,0,1252,1222,144,1538,1904,3586,1805,874,86,894,628,1608,1065,2723,2919,66,508,648,1222,49,329,209,587,564,2909,18242,9023,30174,26076,2,7,1,10
"82","Banswara","Gadhi","Lohariya","2 4.21","4 0.05","0 0","0 0","0 0","0 0","0 0","0 0","0 0","0 0","0 0","0 0","0 0","0 0","0 0","0 0","0 0","0 0","0 0","0 0","0 0","0 0","0 0","0 0",NA,NA,NA,"2 1.98","20 26.86","11 0","0 0","1 1.42","1 0","0 0","0 0","0 0","0 0","0 0","1 0","0 0.02","14 5.57","2 0","0 0","0 0","0 0","0 0","19 52.27","12 0","0 0","4 1.25","1 0","190 31.85","68 87.8","37 0","186 25.65","6 0.38","9 0",NA,NA,NA,NA,NA,NA,NA,NA,NA,NA,NA,NA,NA,NA,NA,NA,NA,NA,NA,NA,NA,NA,NA,NA,NA,NA,NA,NA,NA,NA,NA,NA,NA,NA,NA,NA,NA,2,4.21,4,0.05,0,0,0,0,2,1.98,20,26.86,0,0,0,0,0,0,0,0,0,0,1,1.42,190,31.85,68,87.8,0,0,4,1.25,186,25.65,6,0.38,0,0,19,52.27,0,0,0,0,1494,1416,274,2144,1068,3486,1744,1114,195,1219,431,1845,1135,3539,4135,123,896,401,1420,90,608,181,879,872,4945,26741,9271,40957,31763,0,5,2,7
"83","Bhilwara","Suwana","Aatun","0 0","1 0","4 0","0 0","0 0","0 0","0 0","0 0","0 0","0 0","0 0","0 0","0 0","0 0","0 0","0 0","0 0","0 0","0 0","0 0","0 0","0 0","0 0","0 0",NA,NA,NA,"0 0","0 0","1 0","0 0","16 23.38","9 0","0 0","5 0","3 0","0 0","0 0","0 0","0 0","0 0","0 0","0 0","0 0","0 0","0 0","1 0","1 0","0 0","17 15.03","10 0","8 0.06","57 39.41","30 0","8 0.06","17 1","2 0",NA,NA,NA,NA,NA,NA,NA,NA,NA,NA,NA,NA,NA,NA,NA,NA,NA,NA,NA,NA,NA,NA,NA,NA,NA,NA,NA,NA,NA,NA,NA,NA,NA,NA,NA,NA,NA,0,0,1,0,0,0,5,0,0,0,0,0,0,0,0,0,0,0,0,0,0,0,16,23.38,8,0.06,57,39.41,0,0,17,15.03,8,0.06,17,1,0,0,1,0,0,0,0,0,1050,1020,625,119,2450,3194,1778,668,265,49,1068,1382,1174,1901,1976,157,22,845,1024,84,11,378,473,462,4816,475,17552,22843,21785,4,0,8,12
"84","Pali","Jaitaran","Bhumbalia","0 0","1 12.59","0 0","0 0","0 0","0 0","0 0","0 0","0 0","0 0","0 0","0 0","0 0","0 0","0 0","0 0","0 0","0 0","0 0","1 1.52","0 0","0 0","0 0","0 0",NA,NA,NA,"0 0.02","16 14.84","2 0","7 49.71","26 88.59","1 0","0 0","2 19.4","0 0","0 0","0 0","0 0","0 0","0 0","0 0","0 0","0 0","0 0","0 0","1 0","0 0","0 0","1 0","1 0","27 51.71","82 138.43","7 0","20 1.98","34 1.49","3 0",NA,NA,NA,NA,NA,NA,NA,NA,NA,NA,NA,NA,NA,NA,NA,NA,NA,NA,NA,NA,NA,NA,NA,NA,NA,NA,NA,NA,NA,NA,NA,NA,NA,NA,NA,NA,NA,0,0,1,12.59,0,0,2,19.4,0,0.02,16,14.84,0,0,0,0,0,0,1,1.52,7,49.71,26,88.59,27,51.71,82,138.43,0,0,1,0,20,1.98,34,1.49,0,0,1,0,0,0,0,0,2029,1968,785,22,3954,4761,2387,1829,486,17,2441,2944,1859,7064,7408,340,12,1616,1968,251,7,1233,1491,1300,13024,270,73960,87254,71585,0,0,0,0
"85","Tonk","Tonk","Sankhna","0 0","6 0.16","0 0","0 0","0 0","0 0","0 0","0 0","0 0","0 0","0 0","0 0","0 0","0 0","0 0","0 0","0 0","0 0","0 0","0 0","0 0","0 0","0 0","0 0",NA,NA,NA,"0 0","4 10.56","2 0","0 5.32","4 3.52","0 0","0 0","1 0","0 0","0 0","0 0","0 0","1 0.55","0 0","0 0","0 0","0 0","0 0","0 0","6 3.21","3 0","0 0","0 0","0 0","30 10.95","87 37.15","30 0","29 5.08","66 19.7","25 0",NA,NA,NA,NA,NA,NA,NA,NA,NA,NA,NA,NA,NA,NA,NA,NA,NA,NA,NA,NA,NA,NA,NA,NA,NA,NA,NA,NA,NA,NA,NA,NA,NA,NA,NA,NA,NA,0,0,6,0.16,0,0,1,0,0,0,4,10.56,0,0,0,0,0,0,0,0,0,5.32,4,3.52,30,10.95,87,37.15,0,0,0,0,29,5.08,66,19.7,0,0,6,3.21,0,0,0,0,1043,1002,556,288,1371,2215,1071,760,292,195,749,1236,694,1985,2848,226,133,644,1003,135,73,303,511,479,6071,3032,11655,20758,13308,12,5,10,27
"86","Jaipur","Sahapura","Kant","0 0","1 0","0 0","0 0","0 0","0 0","0 0","0 0","0 0","0 0","0 0","0 0","0 0","0 0","0 0","0 0","0 0","0 0","0 0","0 0","0 0","0 0","0 0","0 0",NA,NA,NA,"0 0","0 0","0 0","0 0","3 5.39","1 0","2 8.38","3 4.43","0 0","0 0","0 0","0 0","0 0","1 0.05","0 0","0 0","0 0","0 0","0 0","0 0","0 0","0 0","2 0.02","0 0","8 8.58","24 10.06","4 0","6 0.2","14 0.17","3 0",NA,NA,NA,NA,NA,NA,NA,NA,NA,NA,NA,NA,NA,NA,NA,NA,NA,NA,NA,NA,NA,NA,NA,NA,NA,NA,NA,NA,NA,NA,NA,NA,NA,NA,NA,NA,NA,0,0,1,0,2,8.38,3,4.43,0,0,0,0,0,0,0,0,0,0,0,0,0,0,3,5.39,8,8.58,24,10.06,0,0,2,0.02,6,0.2,14,0.17,0,0,0,0,0,0,0,0,217,206,188,58,309,555,317,160,96,29,132,257,183,877,889,40,20,143,203,31,12,70,113,88,2842,1003,5043,8888,6924,12,8,23,43
"87","Nagaur","Merta","Gothan","1 0","2 17.41","0 0","0 0","0 0","0 0","0 0","0 0","0 0","0 0","1 2.14","0 0","0 0","0 0","0 0","0 0","0 0","0 0","0 0","5 44.86","1 0","0 0","0 0","0 0",NA,NA,NA,"0 0","12 48.43","1 0","2 3.71","8 84.75","1 0","0 0","2 6.22","0 0","0 0","0 0","0 0","0 0","0 0","0 0","0 0","0 0","0 0","0 0","0 0","0 0","0 0","0 0","1 0","3 3.71","43 206.59","4 0","0 0","13 2.79","0 0",NA,NA,NA,NA,NA,NA,NA,NA,NA,NA,NA,NA,NA,NA,NA,NA,NA,NA,NA,NA,NA,NA,NA,NA,NA,NA,NA,NA,NA,NA,NA,NA,NA,NA,NA,NA,NA,1,0,2,17.41,0,0,2,6.22,0,0,12,48.43,0,0,0,0,0,0,5,44.86,2,3.71,8,84.75,3,3.71,43,206.59,0,0,0,0,0,0,13,2.79,0,0,0,0,0,0,0,0,1936,1844,1973,0,3380,5353,2705,1393,684,0,1013,1697,1365,5022,5347,706,0,1168,1874,475,0,720,1195,1153,22560,0,34969,57529,50105,0,0,1,1
"88","Rajsamand","Rajsamand","Badarada","0 0","2 1.09","0 0","0 0","0 0","0 0","0 0","0 0","0 0","0 0","0 0","0 0","0 0","0 0","0 0","0 0","0 0","0 0","0 0","0 0","0 0","0 0","0 0","0 0",NA,NA,NA,"2 0.1","20 7.94","0 0","0 0","2 8.73","3 0","2 1.06","1 10.18","0 0","0 0","0 0","0 0","0 0","2 1.79","0 0","0 0","0 0","0 0","0 0","1 0.6","0 0","0 0","3 4.27","0 0","8 1.5","31 34.59","3 0","4 0.34","0 0","0 0",NA,NA,NA,NA,NA,NA,NA,NA,NA,NA,NA,NA,NA,NA,NA,NA,NA,NA,NA,NA,NA,NA,NA,NA,NA,NA,NA,NA,NA,NA,NA,NA,NA,NA,NA,NA,NA,0,0,2,1.09,2,1.06,1,10.18,2,0.1,20,7.94,0,0,0,0,0,0,0,0,0,0,2,8.73,8,1.5,31,34.59,0,0,3,4.27,4,0.34,0,0,0,0,1,0.6,0,0,0,0,989,972,208,451,914,1573,1000,842,142,277,594,1013,828,1627,1665,117,288,567,972,56,129,238,423,401,2120,5558,10089,17767,16270,3,9,19,31
"89","Chittorgarh","Bhadesar","Aasavara","0 0","0 0","2 0","0 0","0 0","0 0","0 0","0 0","0 0","0 0","0 0","0 0","0 0","0 0","0 0","0 0","0 0","0 0","0 0","0 0","0 0","0 0","0 0","0 0",NA,NA,NA,"2 1.05","1 0","2 0","5 45.52","4 18.32","5 0","0 0.01","3 14.75","0 0","0 0","0 0","0 0","1 0.05","2 0.52","0 0","0 0","0 0","0 0","0 0","0 0","0 0","0 0","0 0","1 0","35 50.48","24 35.22","13 0","27 3.86","14 1.63","3 0",NA,NA,NA,NA,NA,NA,NA,NA,NA,NA,NA,NA,NA,NA,NA,NA,NA,NA,NA,NA,NA,NA,NA,NA,NA,NA,NA,NA,NA,NA,NA,NA,NA,NA,NA,NA,NA,0,0,0,0,0,0.01,3,14.75,2,1.05,1,0,0,0,0,0,0,0,0,0,5,45.52,4,18.32,35,50.48,24,35.22,0,0,0,0,27,3.86,14,1.63,0,0,0,0,0,0,0,0,1252,1185,415,80,1686,2181,1230,808,178,30,769,977,720,3289,3532,186,31,774,991,107,22,549,678,630,6175,1333,34267,41775,35250,3,0,28,31
"90","Alwar","Bansur","Mothuka","0 0","3 1.99","0 0","0 0","0 0","0 0","0 0","0 0","0 0","0 0","0 0","0 0","0 0","0 0","0 0","0 0","0 0","0 0","0 0","0 0","0 0","0 0","0 0","0 0",NA,NA,NA,"0 0","3 1.54","0 0","2 0.48","12 30.15","1 0","0 0","0 0","0 0","0 0","0 0","0 0","0 0","1 0","0 0","0 0","0 0","0 0","0 0","0 0","0 0","0 0","0 0","0 0","7 0.97","33 34.3","2 0","5 0.49","14 0.62","1 0",NA,NA,NA,NA,NA,NA,NA,NA,NA,NA,NA,NA,NA,NA,NA,NA,NA,NA,NA,NA,NA,NA,NA,NA,NA,NA,NA,NA,NA,NA,NA,NA,NA,NA,NA,NA,NA,0,0,3,1.99,0,0,0,0,0,0,3,1.54,0,0,0,0,0,0,0,0,2,0.48,12,30.15,7,0.97,33,34.3,0,0,0,0,5,0.49,14,0.62,0,0,0,0,0,0,0,0,346,345,137,66,281,484,252,330,126,53,218,397,217,1153,1208,102,44,200,346,68,32,112,212,150,4563,2074,7761,14398,8741,5,2,20,27
"91","Jhunjhunu","Nawalgarh","Kolsiya","0 0","1 0.27","1 0","0 0","0 0","0 0","0 0","0 0","0 0","0 0","0 0","0 0","0 0","0 0","0 0","0 0","0 0","0 0","0 0","0 0","0 0","0 0","0 0","0 0",NA,NA,NA,"0 4.26","2 6.5","0 0","1 0.06","1 6.68","1 0","0 0","0 0","0 0","0 0","0 0","0 0","0 0","0 0","1 0","0 0","0 0","0 0","0 0","0 0","0 0","1 0","3 0.9","1 0","3 4.47","12 14.68","7 0","1 0.15","5 0.34","3 0",NA,NA,NA,NA,NA,NA,NA,NA,NA,NA,NA,NA,NA,NA,NA,NA,NA,NA,NA,NA,NA,NA,NA,NA,NA,NA,NA,NA,NA,NA,NA,NA,NA,NA,NA,NA,NA,0,0,1,0.27,0,0,0,0,0,4.26,2,6.5,0,0,0,0,0,0,0,0,1,0.06,1,6.68,3,4.47,12,14.68,1,0,3,0.9,1,0.15,5,0.34,0,0,0,0,0,0,0,0,729,682,425,25,941,1391,548,311,171,8,168,347,224,722,725,205,12,512,729,93,2,77,172,131,2989,68,4643,7700,5213,1,0,18,19
"92","Sikar","Khandela","Neemeda","1 0","2 2.25","0 0","0 0","0 0","0 0","0 0","0 0","0 0","0 0","0 0","0 0","0 0","0 0","0 0","0 0","0 0","0 0","0 0","0 0","0 0","0 0","0 0","0 0",NA,NA,NA,"3 0","3 4.53","1 0","1 0","9 25.66","1 0","0 0","0 0","0 0","0 0","0 0","0 0","1 0","1 0.06","0 0","0 0","0 0","0 0","0 0","0 0","0 0","1 0","0 0","0 0","13 4.68","34 38.06","14 0","6 4.68","19 5.56","12 0",NA,NA,NA,NA,NA,NA,NA,NA,NA,NA,NA,NA,NA,NA,NA,NA,NA,NA,NA,NA,NA,NA,NA,NA,NA,NA,NA,NA,NA,NA,NA,NA,NA,NA,NA,NA,NA,1,0,2,2.25,0,0,0,0,3,0,3,4.53,0,0,0,0,0,0,0,0,1,0,9,25.66,13,4.68,34,38.06,1,0,0,0,6,4.68,19,5.56,0,0,0,0,0,0,0,0,563,562,413,60,848,1321,648,289,153,12,188,353,279,1388,1482,180,28,355,563,119,10,104,233,229,7737,570,6755,15062,12910,7,0,10,17
"93","Udaipur","Jhadol","Thobawara","0 0","1 8.73","0 0","0 0","0 0","0 0","0 0","0 0","0 0","0 0","0 0","0 0","0 0","0 0","0 0","0 0","0 0","0 0","0 0","1 0","1 0","0 0","0 0","0 0",NA,NA,NA,"0 0","0 0","0 0","0 0","10 29.88","1 0","0 0","0 0","0 0","0 0","0 0","0 0","0 0","0 0","0 0","0 0","0 0","0 0","0 0","0 0","0 0","1 0.1","4 15.18","0 0","16 1.98","69 55.04","41 0","15 1.87","53 1.25","39 0",NA,NA,NA,NA,NA,NA,NA,NA,NA,NA,NA,NA,NA,NA,NA,NA,NA,NA,NA,NA,NA,NA,NA,NA,NA,NA,NA,NA,NA,NA,NA,NA,NA,NA,NA,NA,NA,0,0,1,8.73,0,0,0,0,0,0,0,0,0,0,0,0,0,0,1,0,0,0,10,29.88,16,1.98,69,55.04,1,0.1,4,15.18,15,1.87,53,1.25,0,0,0,0,0,0,0,0,744,692,38,3574,1069,4681,2394,480,6,1552,331,1889,1083,1156,1213,12,455,258,725,2,252,23,277,236,117,14220,1094,15431,11848,0,3,0,3
"94","Dungarpur","Sagwara","Ranoli","0 0","17 7.24","1 0","0 0","0 0","0 0","0 0","0 0","0 0","0 0","1 0","0 0","0 0","0 0","0 0","0 0","0 0","0 0","0 0","6 1.34","0 0","0 0","0 0","0 0",NA,NA,NA,"0 0","17 18.3","15 0","0 61.42","93 95.34","66 0","0 0","3 0.84","0 0","0 0","0 0","0 0","0 0","0 0","2 0","0 0","0 0","0 0","0 0","1 0","10 0","0 0","3 0.1","1 0","42 69.15","243 139.3","105 0","42 7.73","102 16.14","10 0",NA,NA,NA,NA,NA,NA,NA,NA,NA,NA,NA,NA,NA,NA,NA,NA,NA,NA,NA,NA,NA,NA,NA,NA,NA,NA,NA,NA,NA,NA,NA,NA,NA,NA,NA,NA,NA,0,0,17,7.24,0,0,3,0.84,0,0,17,18.3,0,0,0,0,0,0,6,1.34,0,61.42,93,95.34,42,69.15,243,139.3,0,0,3,0.1,42,7.73,102,16.14,0,0,1,0,0,0,0,0,1262,1262,48,1252,1113,2413,1233,1218,42,1154,1037,2233,1161,6725,8745,23,650,580,1253,20,598,559,1177,1089,1550,46291,47500,95341,65794,1,52,66,119
"95","Tonk","Malpura","Deshma","0 0","4 1.06","0 0","0 0","0 0","0 0","0 0","0 0","0 0","0 0","0 0","0 0","0 0","0 0","0 0","0 0","0 0","0 0","0 0","0 0","0 0","0 0","0 0","0 0",NA,NA,NA,"1 4.01","9 5.57","2 0","0 0","13 0.86","1 0","0 0","0 0","2 0","0 0","0 0","0 0","0 0","0 0","0 0","0 0","0 0","0 0","0 0","0 0","0 0","0 0","2 0","0 0","94 21.86","102 10.9","6 0","93 17.84","74 3.41","1 0",NA,NA,NA,NA,NA,NA,NA,NA,NA,NA,NA,NA,NA,NA,NA,NA,NA,NA,NA,NA,NA,NA,NA,NA,NA,NA,NA,NA,NA,NA,NA,NA,NA,NA,NA,NA,NA,0,0,4,1.06,0,0,0,0,1,4.01,9,5.57,0,0,0,0,0,0,0,0,0,0,13,0.86,94,21.86,102,10.9,0,0,2,0,93,17.84,74,3.41,0,0,0,0,0,0,0,0,1107,1092,446,139,1474,2059,1007,1023,305,98,1106,1509,828,1455,2282,224,75,786,1085,62,33,196,291,236,3884,1171,9406,14461,7791,10,1,19,30
"96","Alwar","Bansur","Devsan","0 0","1 0","0 0","0 0","0 0","0 0","0 0","0 0","0 0","0 0","0 0","0 0","0 0","0 0","0 0","0 0","0 0","0 0","0 0","0 0","0 0","0 0","0 0","0 0",NA,NA,NA,"1 0","2 0","0 0","0 0","10 16.74","2 0","0 0","0 0","0 0","0 0","0 0","0 0","0 0","0 0","0 0","0 0","0 0","0 0","0 0","0 0","0 0","0 0","0 0","0 0","6 0.05","13 16.74","2 0","5 0.05","0 0","0 0",NA,NA,NA,NA,NA,NA,NA,NA,NA,NA,NA,NA,NA,NA,NA,NA,NA,NA,NA,NA,NA,NA,NA,NA,NA,NA,NA,NA,NA,NA,NA,NA,NA,NA,NA,NA,NA,0,0,1,0,0,0,0,0,1,0,2,0,0,0,0,0,0,0,0,0,0,0,10,16.74,6,0.05,13,16.74,0,0,0,0,5,0.05,0,0,0,0,0,0,0,0,0,0,361,361,209,37,442,688,296,201,129,26,151,306,156,770,854,92,19,250,361,76,0,61,137,98,4808,0,2922,7730,4443,13,0,7,20
"97","Chittorgarh","Kapasan","Langach","0 0","3 5.54","1 0","0 0","0 0","0 0","0 0","0 0","0 0","0 0","0 0","0 0","0 0","0 0","0 0","0 0","0 0","0 0","0 0","0 0","0 0","0 0","0 0","0 0",NA,NA,NA,"0 1.59","6 11.89","3 0","9 21.06","7 22.97","6 0","1 7.04","2 7.97","1 0","0 0","0 0","0 0","1 0","1 1.1","5 0","0 0","0 0","0 0","0 0","1 0.12","0 0","0 0","0 0","0 0","18 29.86","28 54.02","41 0","7 0.17","8 4.42","25 0",NA,NA,NA,NA,NA,NA,NA,NA,NA,NA,NA,NA,NA,NA,NA,NA,NA,NA,NA,NA,NA,NA,NA,NA,NA,NA,NA,NA,NA,NA,NA,NA,NA,NA,NA,NA,NA,0,0,3,5.54,1,7.04,2,7.97,0,1.59,6,11.89,0,0,0,0,0,0,0,0,9,21.06,7,22.97,18,29.86,28,54.02,0,0,0,0,7,0.17,8,4.42,0,0,1,0.12,0,0,0,0,945,924,521,245,1735,2501,1255,727,249,114,765,1128,579,1955,2318,192,84,632,908,139,67,377,583,414,7392,3388,20199,30979,16044,4,3,13,20
"98","Dungarpur","Aspur","Devla","0 0","0 0","0 0","0 0","0 0","0 0","0 0","0 0","0 0","0 0","0 0","0 0","0 0","0 0","0 0","0 0","0 0","0 0","1 0.15","0 0","11 0","0 0","0 0","0 0",NA,NA,NA,"11 9.98","15 28.25","20 0","9 4.06","6 18.06","12 0","4 0.48","2 7.36","0 0","0 0","0 0","0 0","0 0","0 0","0 0","0 0","1 0","0 0","0 0","0 0","0 0","1 0","1 0.03","2 0","69 19.4","39 56.13","51 0","43 4.73","14 2.43","6 0",NA,NA,NA,NA,NA,NA,NA,NA,NA,NA,NA,NA,NA,NA,NA,NA,NA,NA,NA,NA,NA,NA,NA,NA,NA,NA,NA,NA,NA,NA,NA,NA,NA,NA,NA,NA,NA,0,0,0,0,4,0.48,2,7.36,11,9.98,15,28.25,0,0,0,0,1,0.15,0,0,9,4.06,6,18.06,69,19.4,39,56.13,1,0,1,0.03,43,4.73,14,2.43,0,0,0,0,0,0,0,0,1121,1099,213,2003,517,2733,1402,934,153,1251,169,1573,922,3508,3778,98,796,209,1103,69,597,63,729,675,3793,35823,2835,42451,36339,4,21,1,26
"99","Pali","Sojat","Gaguda","0 0","1 0","0 0","0 0","0 0","0 0","0 0","0 0","0 0","0 0","0 0","0 0","0 0","0 0","0 0","0 0","0 0","0 0","0 0","0 0","1 0","0 0","0 0","0 0",NA,NA,NA,"0 0","8 16.64","2 0","0 0","8 24.49","0 0","0 0","0 0","0 0","0 0","0 0","0 0","0 0","0 0","0 0","0 0","0 0","0 0","0 0","0 0","0 0","1 0.11","3 0","2 0","19 2.55","30 41.37","10 0","18 2.44","10 0.24","5 0",NA,NA,NA,NA,NA,NA,NA,NA,NA,NA,NA,NA,NA,NA,NA,NA,NA,NA,NA,NA,NA,NA,NA,NA,NA,NA,NA,NA,NA,NA,NA,NA,NA,NA,NA,NA,NA,0,0,1,0,0,0,0,0,0,0,8,16.64,0,0,0,0,0,0,0,0,0,0,8,24.49,19,2.55,30,41.37,1,0.11,3,0,18,2.44,10,0.24,0,0,0,0,0,0,0,0,1006,996,598,20,1868,2486,1244,732,295,6,736,1037,629,1736,2067,230,9,752,991,141,0,341,482,426,8218,0,17834,26052,18148,6,0,16,22
"100","Jaisalmer","Sam","Barisiyala","0 0","5 20.56","1 0","0 0","0 0","0 0","0 0","0 0","0 0","0 0","0 0","0 0","0 0","0 0","0 0","0 0","0 0","0 0","0 0","12 33.98","0 0","0 0","0 0","0 0",NA,NA,NA,"0 0","62 169.96","2 0","0 0.39","26 71.84","21 0","0 0","0 0","0 0","0 0","0 0","0 0","0 0","4 0","11 0","0 0","0 0","0 0","0 0","0 0","0 0","0 0","4 4.42","0 0","347 17.9","377 311.08","53 0","347 17.51","264 10.32","18 0",NA,NA,NA,NA,NA,NA,NA,NA,NA,NA,NA,NA,NA,NA,NA,NA,NA,NA,NA,NA,NA,NA,NA,NA,NA,NA,NA,NA,NA,NA,NA,NA,NA,NA,NA,NA,NA,0,0,5,20.56,0,0,0,0,0,0,62,169.96,0,0,0,0,0,0,12,33.98,0,0.39,26,71.84,347,17.9,377,311.08,0,0,4,4.42,347,17.51,264,10.32,0,0,0,0,0,0,0,0,1104,1081,436,8,1515,1959,793,1040,417,6,1366,1789,726,4329,5836,267,6,809,1082,243,6,718,967,575,14241,205,37501,51947,18907,2,0,6,8
